{"Mosaics": {"_type": "images/separated", "width": 1280, "height": 1280, "format": "jpg", "count": 10, "filenames": ["media/images/Mosaics_0_f70a0622fa630cde3417.jpg", "media/images/Mosaics_0_2057e678b7ff72d5eb49.jpg", "media/images/Mosaics_0_0f0efdf23242049086e8.jpg", "media/images/Mosaics_0_9c5d4ed876e78a1fd0d2.jpg", "media/images/Mosaics_0_7a9c6a6c380ae5e232d2.jpg", "media/images/Mosaics_0_8d6768706074133e6c05.jpg", "media/images/Mosaics_0_5ff1eee4e8ca89279248.jpg", "media/images/Mosaics_0_29f39c5e1617f633ca28.jpg", "media/images/Mosaics_0_f0b6bd2de5144780b9ca.jpg", "media/images/Mosaics_0_088947eb291f5b8c4133.jpg"], "captions": ["train_batch8.jpg", "train_batch1.jpg", "train_batch3.jpg", "train_batch5.jpg", "train_batch0.jpg", "train_batch6.jpg", "train_batch9.jpg", "train_batch4.jpg", "train_batch2.jpg", "train_batch7.jpg"]}, "train/box_loss": 0.018828613683581352, "train/obj_loss": 0.007793261203914881, "train/cls_loss": 0.0, "metrics/precision": 0.9833028642878887, "metrics/recall": 0.9833333333333333, "metrics/mAP_0.5": 0.9901072607260726, "metrics/mAP_0.5:0.95": 0.885571875332702, "val/box_loss": 0.014018770307302475, "val/obj_loss": 0.002553313970565796, "val/cls_loss": 0.0, "x/lr0": 8.221600301576215e-05, "x/lr1": 8.221600301576215e-05, "x/lr2": 0.025182216003015775, "_timestamp": 1720123891.2452126, "_runtime": 12582.412296533585, "_step": 50, "Bounding Box Debugger/Images": {"_type": "images/separated", "width": 1056, "height": 800, "format": "png", "count": 16, "filenames": ["media/images/Bounding Box Debugger/Images_49_b09f372a27d61a428631.png", "media/images/Bounding Box Debugger/Images_49_a3db273383ae632c92e0.png", "media/images/Bounding Box Debugger/Images_49_1c63455c146e33c034a8.png", "media/images/Bounding Box Debugger/Images_49_3faab2ba01ab00f55bfd.png", "media/images/Bounding Box Debugger/Images_49_2453a0a20920bc5d2626.png", "media/images/Bounding Box Debugger/Images_49_50c48db6a6288a432c77.png", "media/images/Bounding Box Debugger/Images_49_52e3172b146af2792240.png", "media/images/Bounding Box Debugger/Images_49_854a13e87dd05062a9bf.png", "media/images/Bounding Box Debugger/Images_49_33b066e0502b41587d24.png", "media/images/Bounding Box Debugger/Images_49_da8849a8e64ea6d2feed.png", "media/images/Bounding Box Debugger/Images_49_c862419fb10ae3a72383.png", "media/images/Bounding Box Debugger/Images_49_caa30df53620bd6b4ecc.png", "media/images/Bounding Box Debugger/Images_49_fcdcad058ccc48187832.png", "media/images/Bounding Box Debugger/Images_49_e09380af826f67b8bfb9.png", "media/images/Bounding Box Debugger/Images_49_b8304b960ac5166bbef2.png", "media/images/Bounding Box Debugger/Images_49_d70cf7c0b4987d980a31.png"], "captions": ["ab51a61997.jpg", "7f0fb6e92e.jpg", "768af6a928.jpg", "aec4a380b3.jpg", "IMG_20230722_123706.jpg", "IMG_20230722_131139.jpg", "IMG_20230722_130825.jpg", "IMG_20230722_130756.jpg", "IMG_20230722_124353.jpg", "IMG_20230722_124347.jpg", "IMG_20230722_124224.jpg", "IMG_20230722_124150.jpg", "IMG_20230722_124128.jpg", "IMG_20230722_124044.jpg", "IMG_20230722_124041.jpg", "IMG_20230722_123904.jpg"], "all_boxes": [{"predictions": {"_type": "boxes2D", "sha256": "809da064ad97bda19d2269009ade91609bb061d55ceb0f0fcca9a44f85172733", "size": 1547, "path": "media/metadata/boxes2D/Bounding Box Debugger/Images_49_809da064ad97bda19d22.boxes2D.json"}}, {"predictions": {"_type": "boxes2D", "sha256": "c43e21eb90c39e7c73abc5cfffe1d275a854f8ad1e582882955a19dcaa2e0c75", "size": 3530, "path": "media/metadata/boxes2D/Bounding Box Debugger/Images_49_c43e21eb90c39e7c73ab.boxes2D.json"}}, {"predictions": {"_type": "boxes2D", "sha256": "e74239de62d03d58cbc10958e4210f4aa2d728041a246911de80bd0ecfd8c940", "size": 608, "path": "media/metadata/boxes2D/Bounding Box Debugger/Images_49_e74239de62d03d58cbc1.boxes2D.json"}}, {"predictions": {"_type": "boxes2D", "sha256": "6ba1475883f4c28e004a4a07289191807329ca17ad5dbc0d1426a847dbc50f45", "size": 806, "path": "media/metadata/boxes2D/Bounding Box Debugger/Images_49_6ba1475883f4c28e004a.boxes2D.json"}}, {"predictions": {"_type": "boxes2D", "sha256": "287fcc10cc5a89b2a73afad875b6b41a1f1f058fa887f9b108d37f47dce15c67", "size": 417, "path": "media/metadata/boxes2D/Bounding Box Debugger/Images_49_287fcc10cc5a89b2a73a.boxes2D.json"}}, {"predictions": {"_type": "boxes2D", "sha256": "e3d7f475225a7c8164fd9692e5c8dae993be2c3581d6c4b1d397b746a92ccbb6", "size": 1189, "path": "media/metadata/boxes2D/Bounding Box Debugger/Images_49_e3d7f475225a7c8164fd.boxes2D.json"}}, {"predictions": {"_type": "boxes2D", "sha256": "c0f9f8783d96e16dc6f169033253f2ed64cfa2936734dcdab1179455851471a2", "size": 616, "path": "media/metadata/boxes2D/Bounding Box Debugger/Images_49_c0f9f8783d96e16dc6f1.boxes2D.json"}}, {"predictions": {"_type": "boxes2D", "sha256": "ea5d75c9754d264c80e16618d04a25b924a6f2cb82bfe2b55288b5da33cc747c", "size": 1185, "path": "media/metadata/boxes2D/Bounding Box Debugger/Images_49_ea5d75c9754d264c80e1.boxes2D.json"}}, {"predictions": {"_type": "boxes2D", "sha256": "9e9f3f13867d77353924101ecaed0e9b2ccddde2f5f78286d51e7ed9e57b70a3", "size": 1388, "path": "media/metadata/boxes2D/Bounding Box Debugger/Images_49_9e9f3f13867d77353924.boxes2D.json"}}, {"predictions": {"_type": "boxes2D", "sha256": "5ba6ebd8d316ee50a31a8ce80b3fb9dd6345be9a7254f9a7ae5b2bd51f881db8", "size": 2743, "path": "media/metadata/boxes2D/Bounding Box Debugger/Images_49_5ba6ebd8d316ee50a31a.boxes2D.json"}}, {"predictions": {"_type": "boxes2D", "sha256": "8de9789f89683a90d4856ed952d6135dbb8fd82e2a6b770417d3fb584e594ef2", "size": 1183, "path": "media/metadata/boxes2D/Bounding Box Debugger/Images_49_8de9789f89683a90d485.boxes2D.json"}}, {"predictions": {"_type": "boxes2D", "sha256": "5e4d5910bdc4f249c2b327f298980bdec86d4701124a1441e12e832a872fe089", "size": 803, "path": "media/metadata/boxes2D/Bounding Box Debugger/Images_49_5e4d5910bdc4f249c2b3.boxes2D.json"}}, {"predictions": {"_type": "boxes2D", "sha256": "f980759a9003407e9b826c18aa33a8d94d488ec79d909c6c4e1cf51e91d6c4ec", "size": 823, "path": "media/metadata/boxes2D/Bounding Box Debugger/Images_49_f980759a9003407e9b82.boxes2D.json"}}, {"predictions": {"_type": "boxes2D", "sha256": "456085e70d3db27afab2c08caa41a5b8fbe7c8c2b6e139b819aff210774eb910", "size": 1200, "path": "media/metadata/boxes2D/Bounding Box Debugger/Images_49_456085e70d3db27afab2.boxes2D.json"}}, {"predictions": {"_type": "boxes2D", "sha256": "4fcaf96f0771fa79340932ff3f816bacd48144de90326eb84cccf20f6f5fb130", "size": 1190, "path": "media/metadata/boxes2D/Bounding Box Debugger/Images_49_4fcaf96f0771fa793409.boxes2D.json"}}, {"predictions": {"_type": "boxes2D", "sha256": "db0baba531a5f1850e909953af874f0097dd428c94f947c723e70267eb514fe4", "size": 1202, "path": "media/metadata/boxes2D/Bounding Box Debugger/Images_49_db0baba531a5f1850e90.boxes2D.json"}}]}, "Validation": {"_type": "images/separated", "width": 1280, "height": 970, "format": "jpg", "count": 4, "filenames": ["media/images/Validation_49_9bd49298107fe3d17eae.jpg", "media/images/Validation_49_7953d4125021a35034f7.jpg", "media/images/Validation_49_02895707e641cf8d4062.jpg", "media/images/Validation_49_56d41c3ab9dc8f968996.jpg"], "captions": ["test_batch0_labels.jpg", "test_batch0_pred.jpg", "test_batch1_labels.jpg", "test_batch1_pred.jpg"]}, "Results": {"_type": "images/separated", "width": 2400, "height": 1200, "format": "png", "count": 6, "filenames": ["media/images/Results_50_e26df62cb0c75712d310.png", "media/images/Results_50_9d64feb5568b5960dcd2.png", "media/images/Results_50_f72b3b89c0e70ed6fa02.png", "media/images/Results_50_00e1d595093d776d8e5a.png", "media/images/Results_50_bcb5925349334894a13c.png", "media/images/Results_50_53880681cf93f1ab66d0.png"], "captions": ["results.png", "confusion_matrix.png", "F1_curve.png", "PR_curve.png", "P_curve.png", "R_curve.png"]}, "_wandb": {"runtime": 12581}}