{"Mosaics": {"_type": "images/separated", "width": 1280, "height": 972, "format": "jpg", "count": 10, "filenames": ["media/images/Mosaics_0_b87be0dfd52b8d749a3d.jpg", "media/images/Mosaics_0_35d2b22ecdc134527fa8.jpg", "media/images/Mosaics_0_6a6f7fa023951097c4d1.jpg", "media/images/Mosaics_0_50aae72090b50f23c8dd.jpg", "media/images/Mosaics_0_2ac7c8d6001d4dace5a5.jpg", "media/images/Mosaics_0_0a63f112e1bad1e500ec.jpg", "media/images/Mosaics_0_8c7f5a5acb45be4b2245.jpg", "media/images/Mosaics_0_65f56a02024e00407133.jpg", "media/images/Mosaics_0_fe4a92bbe7764f1113d0.jpg", "media/images/Mosaics_0_7b6fcc20fd308790a650.jpg"], "captions": ["train_batch8.jpg", "train_batch1.jpg", "train_batch3.jpg", "train_batch5.jpg", "train_batch0.jpg", "train_batch6.jpg", "train_batch9.jpg", "train_batch4.jpg", "train_batch2.jpg", "train_batch7.jpg"]}, "train/box_loss": 0.07640057057142258, "train/obj_loss": 0.0016490613343194127, "train/cls_loss": 0.0, "metrics/precision": 0.23372144062292977, "metrics/recall": 0.7574588477366256, "metrics/mAP_0.5": 0.2289556767329021, "metrics/mAP_0.5:0.95": 0.15657292414908325, "val/box_loss": 0.024371689185500145, "val/obj_loss": 0.00896234717220068, "val/cls_loss": 0.0, "x/lr0": 0.001030881476675129, "x/lr1": 0.001030881476675129, "x/lr2": 0.09063088147667514, "_timestamp": 1719831139.9755216, "_runtime": 1285.8122606277466, "_step": 7, "Results": {"_type": "images/separated", "width": 2400, "height": 1200, "format": "png", "count": 1, "filenames": ["media/images/Results_7_f1e835f5f4e65e998a23.png"], "captions": ["results.png"]}, "_wandb": {"runtime": 1285}}