{"Mosaics": {"_type": "images/separated", "width": 1280, "height": 1280, "format": "jpg", "count": 10, "filenames": ["media/images/Mosaics_0_d1442e90c42fac751a73.jpg", "media/images/Mosaics_0_20d85a6e17593737878f.jpg", "media/images/Mosaics_0_e789e9d14cfe34bd5898.jpg", "media/images/Mosaics_0_1a7df4a019ac17aa26e0.jpg", "media/images/Mosaics_0_71d4165ee3ccbbf67635.jpg", "media/images/Mosaics_0_e51e9f44b677333ffc81.jpg", "media/images/Mosaics_0_57a6930c1d5d82edb1c8.jpg", "media/images/Mosaics_0_55560ecd7e5948d6eabd.jpg", "media/images/Mosaics_0_4725a18cb24aa0dd5f91.jpg", "media/images/Mosaics_0_8e063753b0e38176bd19.jpg"], "captions": ["train_batch8.jpg", "train_batch1.jpg", "train_batch3.jpg", "train_batch5.jpg", "train_batch0.jpg", "train_batch6.jpg", "train_batch9.jpg", "train_batch4.jpg", "train_batch2.jpg", "train_batch7.jpg"]}, "train/box_loss": 0.01513235829770565, "train/obj_loss": 0.001554848626255989, "train/cls_loss": 0.0, "metrics/precision": 0.9999837105575727, "metrics/recall": 0.9666666666666667, "metrics/mAP_0.5": 0.9763405222793281, "metrics/mAP_0.5:0.95": 0.8052974986122763, "val/box_loss": 0.02887163683772087, "val/obj_loss": 0.004625262692570686, "val/cls_loss": 0.0, "x/lr0": 0.00010976769428005628, "x/lr1": 0.00010976769428005628, "x/lr2": 0.00010976769428005628, "_timestamp": 1719034127.2798374, "_runtime": 22302.09939932823, "_step": 100, "Bounding Box Debugger/Images": {"_type": "images/separated", "width": 672, "height": 512, "format": "png", "count": 16, "filenames": ["media/images/Bounding Box Debugger/Images_99_3dfd76bb70f891fae2f7.png", "media/images/Bounding Box Debugger/Images_99_8f00eff7546d43d96725.png", "media/images/Bounding Box Debugger/Images_99_48cf1506e853307760a1.png", "media/images/Bounding Box Debugger/Images_99_4e3516c3be2756a9c77c.png", "media/images/Bounding Box Debugger/Images_99_57d0865e54538e7747b0.png", "media/images/Bounding Box Debugger/Images_99_40a9b02d25e3b0572bfd.png", "media/images/Bounding Box Debugger/Images_99_cc1c0d5ca4acff0f5a18.png", "media/images/Bounding Box Debugger/Images_99_202914b6de0b3c9a5903.png", "media/images/Bounding Box Debugger/Images_99_dabd5d04b8263eff6fd1.png", "media/images/Bounding Box Debugger/Images_99_1a9819c838f188916bc7.png", "media/images/Bounding Box Debugger/Images_99_13f1176ec3695042286b.png", "media/images/Bounding Box Debugger/Images_99_9a116cc753eb5f3193b7.png", "media/images/Bounding Box Debugger/Images_99_f346fb416dffa05a3abe.png", "media/images/Bounding Box Debugger/Images_99_79c0ea0cb9ddab1a7ac5.png", "media/images/Bounding Box Debugger/Images_99_86da897ac34d0bc0f164.png", "media/images/Bounding Box Debugger/Images_99_34cf2573c35e5e7549bb.png"], "captions": ["IMG_20230722_130446-2.jpg", "IMG_20230722_132427.jpg", "IMG_20230722_130823.jpg", "IMG_20230722_131143.jpg", "IMG_20230722_140335.jpg", "IMG_20230721_165620.jpg", "IMG_20230722_132548-2.jpg", "IMG_20230722_131623.jpg", "IMG_20230722_131658.jpg", "IMG_20230722_131909.jpg", "IMG_20230722_132439.jpg", "IMG_20230722_131529.jpg", "IMG_20230722_131150.jpg", "IMG_20230722_131455.jpg", "IMG_20230722_130820.jpg", "IMG_20230722_130315.jpg"], "all_boxes": [{"predictions": {"_type": "boxes2D", "sha256": "12677fa4d744e251d0c1362bbe700884fc91fbea284eabe45f70388969a8d52e", "size": 1011, "path": "media/metadata/boxes2D/Bounding Box Debugger/Images_99_12677fa4d744e251d0c1.boxes2D.json"}}, {"predictions": {"_type": "boxes2D", "sha256": "de548015d399841e396bf39dff0ea08f9fccc631546eadfd953e5b1f9f39ed09", "size": 1023, "path": "media/metadata/boxes2D/Bounding Box Debugger/Images_99_de548015d399841e396b.boxes2D.json"}}, {"predictions": {"_type": "boxes2D", "sha256": "835356772e22bebe8afa61954a2acb575d3f4862e9b6c35f06da570640855909", "size": 621, "path": "media/metadata/boxes2D/Bounding Box Debugger/Images_99_835356772e22bebe8afa.boxes2D.json"}}, {"predictions": {"_type": "boxes2D", "sha256": "fce24731c36a1bc3dfe00697940864452d9203be47510a0a853ac6053c2642c8", "size": 435, "path": "media/metadata/boxes2D/Bounding Box Debugger/Images_99_fce24731c36a1bc3dfe0.boxes2D.json"}}, {"predictions": {"_type": "boxes2D", "sha256": "7c19c0bbdec6b0e87677878e163eed57d98b512f11babb115a938779b7295e1c", "size": 238, "path": "media/metadata/boxes2D/Bounding Box Debugger/Images_99_7c19c0bbdec6b0e87677.boxes2D.json"}}, {"predictions": {"_type": "boxes2D", "sha256": "bda71616ea5bae9be0f808d5506d043f098887ce04a10ea613faef77e42acaa9", "size": 423, "path": "media/metadata/boxes2D/Bounding Box Debugger/Images_99_bda71616ea5bae9be0f8.boxes2D.json"}}, {"predictions": {"_type": "boxes2D", "sha256": "c5844dfe2a19eb9a581bebbdd20b244e612f6be8355e07c5e0c10a4bd66df019", "size": 2409, "path": "media/metadata/boxes2D/Bounding Box Debugger/Images_99_c5844dfe2a19eb9a581b.boxes2D.json"}}, {"predictions": {"_type": "boxes2D", "sha256": "95c29b49c9b248443713d015267798141ed54e1ff3d894fc949b7f01d0e4e561", "size": 419, "path": "media/metadata/boxes2D/Bounding Box Debugger/Images_99_95c29b49c9b248443713.boxes2D.json"}}, {"predictions": {"_type": "boxes2D", "sha256": "9989ff6bac377c649a4e42e67ab1fd87f2a378a91071ef577e6fed059da32a21", "size": 424, "path": "media/metadata/boxes2D/Bounding Box Debugger/Images_99_9989ff6bac377c649a4e.boxes2D.json"}}, {"predictions": {"_type": "boxes2D", "sha256": "102e140bd4c32ce2b6afd01f25abe16bc1b837e4fb88226c276fe4978c06bf0f", "size": 237, "path": "media/metadata/boxes2D/Bounding Box Debugger/Images_99_102e140bd4c32ce2b6af.boxes2D.json"}}, {"predictions": {"_type": "boxes2D", "sha256": "cea8d3f260f3a935d01b0444dbb083cee7d75d73c73f2daab0327d3d136c8471", "size": 1449, "path": "media/metadata/boxes2D/Bounding Box Debugger/Images_99_cea8d3f260f3a935d01b.boxes2D.json"}}, {"predictions": {"_type": "boxes2D", "sha256": "94411f1851638628994167b0ffa4bcf1d0ba9120d3d2ffd456a4c7d06c30a143", "size": 241, "path": "media/metadata/boxes2D/Bounding Box Debugger/Images_99_94411f18516386289941.boxes2D.json"}}, {"predictions": {"_type": "boxes2D", "sha256": "4e0d6b1798fea335361f0c87ea2958b860c8c92a3ba943a42b7a47d49b1c1d0b", "size": 637, "path": "media/metadata/boxes2D/Bounding Box Debugger/Images_99_4e0d6b1798fea335361f.boxes2D.json"}}, {"predictions": {"_type": "boxes2D", "sha256": "366a0fba8fce0a86fb3871248bd112ed97d9c71da41ca8e85be772428e31fe6b", "size": 437, "path": "media/metadata/boxes2D/Bounding Box Debugger/Images_99_366a0fba8fce0a86fb38.boxes2D.json"}}, {"predictions": {"_type": "boxes2D", "sha256": "c6a4322eade339dd9f680dd2baa72a7467961fa3ff7b79d03988daab1994620a", "size": 615, "path": "media/metadata/boxes2D/Bounding Box Debugger/Images_99_c6a4322eade339dd9f68.boxes2D.json"}}, {"predictions": {"_type": "boxes2D", "sha256": "8fd2a1e92ea4139c6aa270a12bbb99dcfadd2f9ece670ffbe7e2579fe3c8bf05", "size": 625, "path": "media/metadata/boxes2D/Bounding Box Debugger/Images_99_8fd2a1e92ea4139c6aa2.boxes2D.json"}}]}, "Validation": {"_type": "images/separated", "width": 1280, "height": 976, "format": "jpg", "count": 4, "filenames": ["media/images/Validation_99_7500098f09b83b620705.jpg", "media/images/Validation_99_a220958f58d4807d2272.jpg", "media/images/Validation_99_fb25aa947b961c979cfe.jpg", "media/images/Validation_99_6903d288d5922e17b9f9.jpg"], "captions": ["test_batch0_labels.jpg", "test_batch0_pred.jpg", "test_batch1_labels.jpg", "test_batch1_pred.jpg"]}, "Results": {"_type": "images/separated", "width": 2400, "height": 1200, "format": "png", "count": 6, "filenames": ["media/images/Results_100_568924ad23ade68891c1.png", "media/images/Results_100_315d1172f915eb80ecf1.png", "media/images/Results_100_468e665f2779906fe8a8.png", "media/images/Results_100_008c635b1e11a4a9b042.png", "media/images/Results_100_f0efa13be3af27a0d05c.png", "media/images/Results_100_1c2b5434843943eb522a.png"], "captions": ["results.png", "confusion_matrix.png", "F1_curve.png", "PR_curve.png", "P_curve.png", "R_curve.png"]}, "_wandb": {"runtime": 22301}}