{"Mosaics": {"_type": "images/separated", "width": 1280, "height": 1280, "format": "jpg", "count": 10, "filenames": ["media/images/Mosaics_0_4b2899d45b42ba1599d3.jpg", "media/images/Mosaics_0_87b274650f2397113d82.jpg", "media/images/Mosaics_0_a5b7b3c53cc76333d466.jpg", "media/images/Mosaics_0_dcf9c89b8799edf8a1c4.jpg", "media/images/Mosaics_0_4e4f36cced56b004b3f9.jpg", "media/images/Mosaics_0_14a955acf7af751c0228.jpg", "media/images/Mosaics_0_1c1e7c2d528633dd917a.jpg", "media/images/Mosaics_0_08308d1827c9265c5c1b.jpg", "media/images/Mosaics_0_95d779efdcaca71ba511.jpg", "media/images/Mosaics_0_7123071ceb867dc04509.jpg"], "captions": ["train_batch8.jpg", "train_batch1.jpg", "train_batch3.jpg", "train_batch5.jpg", "train_batch0.jpg", "train_batch6.jpg", "train_batch9.jpg", "train_batch4.jpg", "train_batch2.jpg", "train_batch7.jpg"]}, "train/box_loss": 0.033064428716897964, "train/obj_loss": 0.02662167325615883, "train/cls_loss": 0.0, "metrics/precision": 0.6166456077219972, "metrics/recall": 0.5892985345664935, "metrics/mAP_0.5": 0.5628969759136224, "metrics/mAP_0.5:0.95": 0.3809170273701801, "val/box_loss": 0.046076700091362, "val/obj_loss": 0.03341524675488472, "val/cls_loss": 0.0, "x/lr0": 0.00010976769428005628, "x/lr1": 0.00010976769428005628, "x/lr2": 0.00010976769428005628, "_timestamp": 1717863943.969313, "_runtime": 193487.6783850193, "_step": 100, "Bounding Box Debugger/Images": {"_type": "images/separated", "width": 672, "height": 352, "format": "png", "count": 16, "filenames": ["media/images/Bounding Box Debugger/Images_99_217f849291bd28dc1bc1.png", "media/images/Bounding Box Debugger/Images_99_a3b6c2a7872041dbb737.png", "media/images/Bounding Box Debugger/Images_99_55e811d734198bbc3dc0.png", "media/images/Bounding Box Debugger/Images_99_d10141e2d76a54b08bd6.png", "media/images/Bounding Box Debugger/Images_99_1313051d066a1e086419.png", "media/images/Bounding Box Debugger/Images_99_c16d6375870df6c8e712.png", "media/images/Bounding Box Debugger/Images_99_317c141478d39e5ea9bc.png", "media/images/Bounding Box Debugger/Images_99_a872b9d2dc37f97d0687.png", "media/images/Bounding Box Debugger/Images_99_09b2033c956e112adf9b.png", "media/images/Bounding Box Debugger/Images_99_169b8a950fa98c35aebc.png", "media/images/Bounding Box Debugger/Images_99_ecb925f777cc681de4e4.png", "media/images/Bounding Box Debugger/Images_99_b4725313feb3175ab6ae.png", "media/images/Bounding Box Debugger/Images_99_119127157d2d08113885.png", "media/images/Bounding Box Debugger/Images_99_f90daf1ab8480d7f5dff.png", "media/images/Bounding Box Debugger/Images_99_38f4ed6e8e5a5d12b2b9.png", "media/images/Bounding Box Debugger/Images_99_574372e2262d094bffa4.png"], "captions": ["1a05a7700a1a1e22.jpg", "d7572d8484eeccc7.jpg", "fb1fb34d16d0c677.jpg", "c42ba137e0a8c801.jpg", "be8f2d2ca5e3d238.jpg", "6426af1ed12a3b32.jpg", "f729ed16dcb135f2.jpg", "b11b1a0b189a2af3.jpg", "85cd4d66d354dbef.jpg", "1ede0eff0a35655e.jpg", "58d645748329eabc.jpg", "41c7ee95543af458.jpg", "7b6235f7ba172f62.jpg", "e352b1187ce99a45.jpg", "89bb39e3510b46f3.jpg", "125fd09ae6bccf6a.jpg"], "all_boxes": [{"predictions": {"_type": "boxes2D", "sha256": "979b4a093470ee190daed5e607b46de1692dd8ad5147e334c3ec189f8137a5b4", "size": 57799, "path": "media/metadata/boxes2D/Bounding Box Debugger/Images_99_979b4a093470ee190dae.boxes2D.json"}}, {"predictions": {"_type": "boxes2D", "sha256": "84f22a8caa4266ad5b7f645126880ac492c1345254efc47868b4fc02ca569d6b", "size": 40923, "path": "media/metadata/boxes2D/Bounding Box Debugger/Images_99_84f22a8caa4266ad5b7f.boxes2D.json"}}, {"predictions": {"_type": "boxes2D", "sha256": "7c5efabd86fdd9463e0b79aa4c86f8604ded7275582b710584545694bf7b8fd4", "size": 57395, "path": "media/metadata/boxes2D/Bounding Box Debugger/Images_99_7c5efabd86fdd9463e0b.boxes2D.json"}}, {"predictions": {"_type": "boxes2D", "sha256": "210a57112a59b921588b309dae7869b9982ef680b38c7d1dd04a89ae5c4635b2", "size": 2722, "path": "media/metadata/boxes2D/Bounding Box Debugger/Images_99_210a57112a59b921588b.boxes2D.json"}}, {"predictions": {"_type": "boxes2D", "sha256": "64efbed120fd6c9fe44a498c3a1c212fd0268844c2581bd3026cf2c710517b74", "size": 46764, "path": "media/metadata/boxes2D/Bounding Box Debugger/Images_99_64efbed120fd6c9fe44a.boxes2D.json"}}, {"predictions": {"_type": "boxes2D", "sha256": "471df2fea4c974fe3e7241fe93109a403bccc6728950a134836e19e523885a8c", "size": 32563, "path": "media/metadata/boxes2D/Bounding Box Debugger/Images_99_471df2fea4c974fe3e72.boxes2D.json"}}, {"predictions": {"_type": "boxes2D", "sha256": "e092b6d6c4edea3dedbb67fac52b13ae856f0def43e57c923ea99fa4e29a776d", "size": 21048, "path": "media/metadata/boxes2D/Bounding Box Debugger/Images_99_e092b6d6c4edea3dedbb.boxes2D.json"}}, {"predictions": {"_type": "boxes2D", "sha256": "bfa286a3d2a6b492a4a32a87ffc706d45ded7a1588db9308edc0d0f4f344d392", "size": 57772, "path": "media/metadata/boxes2D/Bounding Box Debugger/Images_99_bfa286a3d2a6b492a4a3.boxes2D.json"}}, {"predictions": {"_type": "boxes2D", "sha256": "9e6b714622b61417b3e682278be7215b0d2fe9f2724190205305a2fff95af306", "size": 425, "path": "media/metadata/boxes2D/Bounding Box Debugger/Images_99_9e6b714622b61417b3e6.boxes2D.json"}}, {"predictions": {"_type": "boxes2D", "sha256": "7a415050fdda12f30d02dbef72930c7fc8b8e720bcc032f7d870ee8737605f65", "size": 1198, "path": "media/metadata/boxes2D/Bounding Box Debugger/Images_99_7a415050fdda12f30d02.boxes2D.json"}}, {"predictions": {"_type": "boxes2D", "sha256": "8bdcd809f51feef4ea59ba99fd7a173a0982e110cdbfda358bd047a3470dfa12", "size": 6049, "path": "media/metadata/boxes2D/Bounding Box Debugger/Images_99_8bdcd809f51feef4ea59.boxes2D.json"}}, {"predictions": {"_type": "boxes2D", "sha256": "44b582ce0b7da04656765c11995ed3efe98bd606d33c3e27e406d65eb828c25c", "size": 27959, "path": "media/metadata/boxes2D/Bounding Box Debugger/Images_99_44b582ce0b7da0465676.boxes2D.json"}}, {"predictions": {"_type": "boxes2D", "sha256": "5d44793de014eefee42bff3298b55da62cb6a7be48e2852a80d5a394befd35ba", "size": 42528, "path": "media/metadata/boxes2D/Bounding Box Debugger/Images_99_5d44793de014eefee42b.boxes2D.json"}}, {"predictions": {"_type": "boxes2D", "sha256": "22944e7199865cbdb84ea77d82fa1457924c0a69641594b9f0f7dcad94430940", "size": 12565, "path": "media/metadata/boxes2D/Bounding Box Debugger/Images_99_22944e7199865cbdb84e.boxes2D.json"}}, {"predictions": {"_type": "boxes2D", "sha256": "18bb098620e1a145eb896db57abd1d0527d58b82c72addb9a677217aa8a62524", "size": 51611, "path": "media/metadata/boxes2D/Bounding Box Debugger/Images_99_18bb098620e1a145eb89.boxes2D.json"}}, {"predictions": {"_type": "boxes2D", "sha256": "2f9eedc29898ffafeee137ef6b85ac5cf0ba57a64dca803afa75181b67f2e08d", "size": 2371, "path": "media/metadata/boxes2D/Bounding Box Debugger/Images_99_2f9eedc29898ffafeee1.boxes2D.json"}}]}, "Validation": {"_type": "images/separated", "width": 1280, "height": 672, "format": "jpg", "count": 6, "filenames": ["media/images/Validation_99_ba548ebb65c6cc0cbc1d.jpg", "media/images/Validation_99_494af84f025a8c505fbc.jpg", "media/images/Validation_99_47e44bc065ab3f907cb5.jpg", "media/images/Validation_99_1696c51811ab7a221dc8.jpg", "media/images/Validation_99_e9be35efbbc8c44a861f.jpg", "media/images/Validation_99_c9a6b60ce1dfd6259afe.jpg"], "captions": ["test_batch0_labels.jpg", "test_batch0_pred.jpg", "test_batch1_labels.jpg", "test_batch1_pred.jpg", "test_batch2_labels.jpg", "test_batch2_pred.jpg"]}, "Results": {"_type": "images/separated", "width": 2400, "height": 1200, "format": "png", "count": 6, "filenames": ["media/images/Results_100_470e447e609f178bd405.png", "media/images/Results_100_0b3b0579b458922a0f16.png", "media/images/Results_100_8f74aa5b59c084857686.png", "media/images/Results_100_35047b853226a36bf117.png", "media/images/Results_100_7ff4acdc0b0f6b730589.png", "media/images/Results_100_b7fbee33702fa133d60c.png"], "captions": ["results.png", "confusion_matrix.png", "F1_curve.png", "PR_curve.png", "P_curve.png", "R_curve.png"]}, "_wandb": {"runtime": 193487}}