{"Mosaics": {"_type": "images/separated", "width": 1280, "height": 1280, "format": "jpg", "count": 10, "filenames": ["media/images/Mosaics_0_4b2899d45b42ba1599d3.jpg", "media/images/Mosaics_0_87b274650f2397113d82.jpg", "media/images/Mosaics_0_a5b7b3c53cc76333d466.jpg", "media/images/Mosaics_0_dcf9c89b8799edf8a1c4.jpg", "media/images/Mosaics_0_4e4f36cced56b004b3f9.jpg", "media/images/Mosaics_0_14a955acf7af751c0228.jpg", "media/images/Mosaics_0_1c1e7c2d528633dd917a.jpg", "media/images/Mosaics_0_08308d1827c9265c5c1b.jpg", "media/images/Mosaics_0_95d779efdcaca71ba511.jpg", "media/images/Mosaics_0_7123071ceb867dc04509.jpg"], "captions": ["train_batch8.jpg", "train_batch1.jpg", "train_batch3.jpg", "train_batch5.jpg", "train_batch0.jpg", "train_batch6.jpg", "train_batch9.jpg", "train_batch4.jpg", "train_batch2.jpg", "train_batch7.jpg"]}, "train/box_loss": 0.03571487218141556, "train/obj_loss": 0.02847445011138916, "train/cls_loss": 0.0, "metrics/precision": 0.6204024998514122, "metrics/recall": 0.565902276278559, "metrics/mAP_0.5": 0.556484373609235, "metrics/mAP_0.5:0.95": 0.36925099872901523, "val/box_loss": 0.04703572764992714, "val/obj_loss": 0.031897518783807755, "val/cls_loss": 0.0, "x/lr0": 0.005205483257436736, "x/lr1": 0.005205483257436736, "x/lr2": 0.005205483257436736, "_timestamp": 1717768662.3169854, "_runtime": 98206.02605748177, "_step": 50, "Bounding Box Debugger/Images": {"_type": "images/separated", "width": 672, "height": 352, "format": "png", "count": 16, "filenames": ["media/images/Bounding Box Debugger/Images_49_217f849291bd28dc1bc1.png", "media/images/Bounding Box Debugger/Images_49_a3b6c2a7872041dbb737.png", "media/images/Bounding Box Debugger/Images_49_55e811d734198bbc3dc0.png", "media/images/Bounding Box Debugger/Images_49_d10141e2d76a54b08bd6.png", "media/images/Bounding Box Debugger/Images_49_1313051d066a1e086419.png", "media/images/Bounding Box Debugger/Images_49_c16d6375870df6c8e712.png", "media/images/Bounding Box Debugger/Images_49_317c141478d39e5ea9bc.png", "media/images/Bounding Box Debugger/Images_49_a872b9d2dc37f97d0687.png", "media/images/Bounding Box Debugger/Images_49_09b2033c956e112adf9b.png", "media/images/Bounding Box Debugger/Images_49_169b8a950fa98c35aebc.png", "media/images/Bounding Box Debugger/Images_49_ecb925f777cc681de4e4.png", "media/images/Bounding Box Debugger/Images_49_b4725313feb3175ab6ae.png", "media/images/Bounding Box Debugger/Images_49_119127157d2d08113885.png", "media/images/Bounding Box Debugger/Images_49_f90daf1ab8480d7f5dff.png", "media/images/Bounding Box Debugger/Images_49_38f4ed6e8e5a5d12b2b9.png", "media/images/Bounding Box Debugger/Images_49_574372e2262d094bffa4.png"], "captions": ["1a05a7700a1a1e22.jpg", "d7572d8484eeccc7.jpg", "fb1fb34d16d0c677.jpg", "c42ba137e0a8c801.jpg", "be8f2d2ca5e3d238.jpg", "6426af1ed12a3b32.jpg", "f729ed16dcb135f2.jpg", "b11b1a0b189a2af3.jpg", "85cd4d66d354dbef.jpg", "1ede0eff0a35655e.jpg", "58d645748329eabc.jpg", "41c7ee95543af458.jpg", "7b6235f7ba172f62.jpg", "e352b1187ce99a45.jpg", "89bb39e3510b46f3.jpg", "125fd09ae6bccf6a.jpg"], "all_boxes": [{"predictions": {"_type": "boxes2D", "sha256": "9ffc6082a8aa2dc18beb7eb204a8c5beedea841afc18fbb855222abe4bbbf6ce", "size": 57606, "path": "media/metadata/boxes2D/Bounding Box Debugger/Images_49_9ffc6082a8aa2dc18beb.boxes2D.json"}}, {"predictions": {"_type": "boxes2D", "sha256": "79e39eb281200644490ba5088b5ae2a9308c059100cd326c26c112d3b36c8b89", "size": 44655, "path": "media/metadata/boxes2D/Bounding Box Debugger/Images_49_79e39eb281200644490b.boxes2D.json"}}, {"predictions": {"_type": "boxes2D", "sha256": "9723ca2b7fd4b9ac79b748bcad42bb1d71af23ea969f4d6f5e065cd1371b1fee", "size": 54801, "path": "media/metadata/boxes2D/Bounding Box Debugger/Images_49_9723ca2b7fd4b9ac79b7.boxes2D.json"}}, {"predictions": {"_type": "boxes2D", "sha256": "1361afd690d40810ae6f3d364ec80a28c1803a32f23bc5756d2201d6f11c8c25", "size": 1927, "path": "media/metadata/boxes2D/Bounding Box Debugger/Images_49_1361afd690d40810ae6f.boxes2D.json"}}, {"predictions": {"_type": "boxes2D", "sha256": "02ad63baa26c3e56fabc6a399888caa307e9e72ae66d1d4c253e2173bd3c72a1", "size": 57797, "path": "media/metadata/boxes2D/Bounding Box Debugger/Images_49_02ad63baa26c3e56fabc.boxes2D.json"}}, {"predictions": {"_type": "boxes2D", "sha256": "76a5de43253239af03603bbbd2747b02709b90b3b21d2b289598368cdfadd96d", "size": 36659, "path": "media/metadata/boxes2D/Bounding Box Debugger/Images_49_76a5de43253239af0360.boxes2D.json"}}, {"predictions": {"_type": "boxes2D", "sha256": "8541641ad02715401d85df42cb6168ca280f2ad5e69d4fdf1f345fcca92a3eb4", "size": 20236, "path": "media/metadata/boxes2D/Bounding Box Debugger/Images_49_8541641ad02715401d85.boxes2D.json"}}, {"predictions": {"_type": "boxes2D", "sha256": "999c5a9a1a17c495efca42e014511b8e53ff899df89613b0f261668123690591", "size": 57667, "path": "media/metadata/boxes2D/Bounding Box Debugger/Images_49_999c5a9a1a17c495efca.boxes2D.json"}}, {"predictions": {"_type": "boxes2D", "sha256": "0149d5fdf4c056dae09c1e0ab455b5ef3acc1d4ddfab6c3441993b537753fe4b", "size": 230, "path": "media/metadata/boxes2D/Bounding Box Debugger/Images_49_0149d5fdf4c056dae09c.boxes2D.json"}}, {"predictions": {"_type": "boxes2D", "sha256": "d34fe9b625d577a09ce4da40800d8e81d0119dd02b7ca551a8b93b4abf53efdd", "size": 615, "path": "media/metadata/boxes2D/Bounding Box Debugger/Images_49_d34fe9b625d577a09ce4.boxes2D.json"}}, {"predictions": {"_type": "boxes2D", "sha256": "0915a1505a52c978a9cc6f05e45be43c15fe35c2ce0e440308650cd63acf041f", "size": 4509, "path": "media/metadata/boxes2D/Bounding Box Debugger/Images_49_0915a1505a52c978a9cc.boxes2D.json"}}, {"predictions": {"_type": "boxes2D", "sha256": "e662ab12516931fe415c781bfbeb54fdd31232bfdf4dbc06264b3cc797f244eb", "size": 33341, "path": "media/metadata/boxes2D/Bounding Box Debugger/Images_49_e662ab12516931fe415c.boxes2D.json"}}, {"predictions": {"_type": "boxes2D", "sha256": "a9917c0b15cb3501851e2f7119027b109b16eebd0d0ab3e6485b8511be714584", "size": 48353, "path": "media/metadata/boxes2D/Bounding Box Debugger/Images_49_a9917c0b15cb3501851e.boxes2D.json"}}, {"predictions": {"_type": "boxes2D", "sha256": "3823f5b8d1ffca605df9da1386b18e07a3e17c46322326c2b4babbcdc1c47461", "size": 16837, "path": "media/metadata/boxes2D/Bounding Box Debugger/Images_49_3823f5b8d1ffca605df9.boxes2D.json"}}, {"predictions": {"_type": "boxes2D", "sha256": "5ea2ac05dea955a1721a243795dfb7d79fee2135bd663b632d8061ec59cc3e51", "size": 44830, "path": "media/metadata/boxes2D/Bounding Box Debugger/Images_49_5ea2ac05dea955a1721a.boxes2D.json"}}, {"predictions": {"_type": "boxes2D", "sha256": "61c23e4c6d2de8bdadf607aa546d46ecd170452e6a93ca6609e970c59360a491", "size": 1197, "path": "media/metadata/boxes2D/Bounding Box Debugger/Images_49_61c23e4c6d2de8bdadf6.boxes2D.json"}}]}}