{"Mosaics": {"_type": "images/separated", "width": 1280, "height": 1280, "format": "jpg", "count": 10, "filenames": ["media/images/Mosaics_0_8bd187b1d478913f6dc9.jpg", "media/images/Mosaics_0_e329dda1c80abf978638.jpg", "media/images/Mosaics_0_bd72fec3345725a0259d.jpg", "media/images/Mosaics_0_bfab1881496a0ecfe4b6.jpg", "media/images/Mosaics_0_93bcce78208dcb793b0b.jpg", "media/images/Mosaics_0_0c6ce93148be354f625e.jpg", "media/images/Mosaics_0_19d3e200a18bcb1c43af.jpg", "media/images/Mosaics_0_f7f62f2aa444b3a37805.jpg", "media/images/Mosaics_0_9112bb124b65051d0a49.jpg", "media/images/Mosaics_0_83397348154e6eedb078.jpg"], "captions": ["train_batch8.jpg", "train_batch1.jpg", "train_batch3.jpg", "train_batch5.jpg", "train_batch0.jpg", "train_batch6.jpg", "train_batch9.jpg", "train_batch4.jpg", "train_batch2.jpg", "train_batch7.jpg"]}, "train/box_loss": 0.019265489652752876, "train/obj_loss": 0.010752024129033089, "train/cls_loss": 0.0, "metrics/precision": 0.9999767430732961, "metrics/recall": 0.9666666666666667, "metrics/mAP_0.5": 0.9926775956284152, "metrics/mAP_0.5:0.95": 0.8430234641525874, "val/box_loss": 0.017318738624453545, "val/obj_loss": 0.0034258468076586723, "val/cls_loss": 0.0, "x/lr0": 8.221600301576215e-05, "x/lr1": 8.221600301576215e-05, "x/lr2": 0.025182216003015775, "_timestamp": 1720009923.489711, "_runtime": 18142.788347005844, "_step": 50, "Bounding Box Debugger/Images": {"_type": "images/separated", "width": 1056, "height": 800, "format": "png", "count": 16, "filenames": ["media/images/Bounding Box Debugger/Images_49_aa5c84e1566dd75dff78.png", "media/images/Bounding Box Debugger/Images_49_42b44bdeb3d3b978d60c.png", "media/images/Bounding Box Debugger/Images_49_c66940496a7512a639f3.png", "media/images/Bounding Box Debugger/Images_49_478c7b17f31eff6dd3ba.png", "media/images/Bounding Box Debugger/Images_49_b74be0772cb24c8ca038.png", "media/images/Bounding Box Debugger/Images_49_bed116903000987af731.png", "media/images/Bounding Box Debugger/Images_49_3ecab80b3060cdbefc41.png", "media/images/Bounding Box Debugger/Images_49_b1977e5117355ed18673.png", "media/images/Bounding Box Debugger/Images_49_a2a2689a7985b07e8e9e.png", "media/images/Bounding Box Debugger/Images_49_ff78dca5e853cdc98508.png", "media/images/Bounding Box Debugger/Images_49_045845e0dae620fc3bfa.png", "media/images/Bounding Box Debugger/Images_49_e51ea5d8adf4c5b25c2c.png", "media/images/Bounding Box Debugger/Images_49_b62613e559fc07cddde4.png", "media/images/Bounding Box Debugger/Images_49_4ef0ed46fc691ed1cf9b.png", "media/images/Bounding Box Debugger/Images_49_2453a0a20920bc5d2626.png", "media/images/Bounding Box Debugger/Images_49_4a1cf59dd59aa815a4c9.png"], "captions": ["e759737cc5.jpg", "c2b0da7bb2.jpg", "52b839aec5.jpg", "305415f9d1.jpg", "c6fba6eae0.jpg", "d99f5b6fe1.jpg", "IMG_20230722_123533.jpg", "IMG_20230722_130820.jpg", "IMG_20230722_130624.jpg", "IMG_20230722_124035.jpg", "IMG_20230722_123834.jpg", "IMG_20230722_123827.jpg", "IMG_20230722_123804.jpg", "IMG_20230722_123734.jpg", "IMG_20230722_123706.jpg", "IMG_20230722_123656.jpg"], "all_boxes": [{"predictions": {"_type": "boxes2D", "sha256": "1535e6890550be7bdb7c6e02172c9bd1e4c0cb2f2a15a2b26747135472f6973d", "size": 2331, "path": "media/metadata/boxes2D/Bounding Box Debugger/Images_49_1535e6890550be7bdb7c.boxes2D.json"}}, {"predictions": {"_type": "boxes2D", "sha256": "5cd68e1d513b8e54892ec22d4e0ea708503b3758ba9b8b3a672dea9555ea38c4", "size": 4481, "path": "media/metadata/boxes2D/Bounding Box Debugger/Images_49_5cd68e1d513b8e54892e.boxes2D.json"}}, {"predictions": {"_type": "boxes2D", "sha256": "ed2d13fe3700bc4b0efd659c1b7d213f137da7eeeaec2e2b1c12e46ee4398f69", "size": 2361, "path": "media/metadata/boxes2D/Bounding Box Debugger/Images_49_ed2d13fe3700bc4b0efd.boxes2D.json"}}, {"predictions": {"_type": "boxes2D", "sha256": "37bd0e00ceee580954f2e5dba9e2618471e3aeafaa611061c95fea0fa7dd0101", "size": 3136, "path": "media/metadata/boxes2D/Bounding Box Debugger/Images_49_37bd0e00ceee580954f2.boxes2D.json"}}, {"predictions": {"_type": "boxes2D", "sha256": "44e20307587bde67dae57199916cfec6b58f0a025862c68001fdabb44d063cfa", "size": 800, "path": "media/metadata/boxes2D/Bounding Box Debugger/Images_49_44e20307587bde67dae5.boxes2D.json"}}, {"predictions": {"_type": "boxes2D", "sha256": "39a39959886df43ef7b840ccdca8bd6e2d1652aa6085cbe660911fc2e703d9f6", "size": 2549, "path": "media/metadata/boxes2D/Bounding Box Debugger/Images_49_39a39959886df43ef7b8.boxes2D.json"}}, {"predictions": {"_type": "boxes2D", "sha256": "5cdc0daf9cdf087b5b5bb5aeb104d80ad3df85d2a49a6dbd4e4d704285aa2755", "size": 2188, "path": "media/metadata/boxes2D/Bounding Box Debugger/Images_49_5cdc0daf9cdf087b5b5b.boxes2D.json"}}, {"predictions": {"_type": "boxes2D", "sha256": "8518f897a52798706f3ad08970943eaf3680465db17305583d5b2d1ce17d6e37", "size": 1572, "path": "media/metadata/boxes2D/Bounding Box Debugger/Images_49_8518f897a52798706f3a.boxes2D.json"}}, {"predictions": {"_type": "boxes2D", "sha256": "74c23df1152177b4f588dc7f74951b4eb1ad488e875e2fc9c9c6c358e9df8341", "size": 3107, "path": "media/metadata/boxes2D/Bounding Box Debugger/Images_49_74c23df1152177b4f588.boxes2D.json"}}, {"predictions": {"_type": "boxes2D", "sha256": "47694d6f1b48b37e79c549e1f4917e55541933e21cc973e99aaa08c3e7674252", "size": 624, "path": "media/metadata/boxes2D/Bounding Box Debugger/Images_49_47694d6f1b48b37e79c5.boxes2D.json"}}, {"predictions": {"_type": "boxes2D", "sha256": "be264d953b42e746c62aa2597576ca3074ca02b6b9c3a4783920073e179f38af", "size": 426, "path": "media/metadata/boxes2D/Bounding Box Debugger/Images_49_be264d953b42e746c62a.boxes2D.json"}}, {"predictions": {"_type": "boxes2D", "sha256": "3415c0a8905d70003ff96e00dedea73163bc23d8df33e9af69391db8a4e69660", "size": 420, "path": "media/metadata/boxes2D/Bounding Box Debugger/Images_49_3415c0a8905d70003ff9.boxes2D.json"}}, {"predictions": {"_type": "boxes2D", "sha256": "ed3ae5d74507e44db33ed81777cfd00ed02a1547f81db893c8627f9f7e36a214", "size": 624, "path": "media/metadata/boxes2D/Bounding Box Debugger/Images_49_ed3ae5d74507e44db33e.boxes2D.json"}}, {"predictions": {"_type": "boxes2D", "sha256": "e3e83dc3ba1686a9d28cc603bb6339bf3c8203e99352efdb047c36d8cd5a8426", "size": 433, "path": "media/metadata/boxes2D/Bounding Box Debugger/Images_49_e3e83dc3ba1686a9d28c.boxes2D.json"}}, {"predictions": {"_type": "boxes2D", "sha256": "89cea783871c3a4a9d88e32cc084a3a7c345e259a2e87558d14289c5cbb06b06", "size": 821, "path": "media/metadata/boxes2D/Bounding Box Debugger/Images_49_89cea783871c3a4a9d88.boxes2D.json"}}, {"predictions": {"_type": "boxes2D", "sha256": "172550845839296aa48d31969b15f859ee2acb2325ebc761919fafc20d34fe55", "size": 823, "path": "media/metadata/boxes2D/Bounding Box Debugger/Images_49_172550845839296aa48d.boxes2D.json"}}]}, "Validation": {"_type": "images/separated", "width": 1280, "height": 970, "format": "jpg", "count": 4, "filenames": ["media/images/Validation_49_23d631e72aaa3f0a28db.jpg", "media/images/Validation_49_aa6bf86b518c576f27ff.jpg", "media/images/Validation_49_2d0a8a6eeb9cc99b1f1b.jpg", "media/images/Validation_49_28f7022a886396cebf70.jpg"], "captions": ["test_batch0_labels.jpg", "test_batch0_pred.jpg", "test_batch1_labels.jpg", "test_batch1_pred.jpg"]}, "Results": {"_type": "images/separated", "width": 2400, "height": 1200, "format": "png", "count": 6, "filenames": ["media/images/Results_50_4f3cf7d91b4056c09eb1.png", "media/images/Results_50_af65953a3a91b8904205.png", "media/images/Results_50_a2e223f5d517f841133e.png", "media/images/Results_50_10902fa5ef5345def99d.png", "media/images/Results_50_c209d70e749675e52f32.png", "media/images/Results_50_85b24d44ac7e048ddc79.png"], "captions": ["results.png", "confusion_matrix.png", "F1_curve.png", "PR_curve.png", "P_curve.png", "R_curve.png"]}, "_wandb": {"runtime": 18142}}