{"train/box_loss": 0.036801718175411224, "train/obj_loss": 0.005578666925430298, "train/cls_loss": 0.0, "metrics/precision": 0.22187479877538357, "metrics/recall": 0.7, "metrics/mAP_0.5": 0.22037278030165, "metrics/mAP_0.5:0.95": 0.16464044650579374, "val/box_loss": 0.0660620629787445, "val/obj_loss": 0.014203503727912903, "val/cls_loss": 0.0, "x/lr0": 5.099826640650938e-05, "x/lr1": 5.099826640650938e-05, "x/lr2": 0.08515099826640651, "_timestamp": 1719006273.989184, "_runtime": 2347.3939340114594, "_step": 9, "Bounding Box Debugger/Images": {"_type": "images/separated", "width": 672, "height": 512, "format": "png", "count": 16, "filenames": ["media/images/Bounding Box Debugger/Images_9_3dfd76bb70f891fae2f7.png", "media/images/Bounding Box Debugger/Images_9_8f00eff7546d43d96725.png", "media/images/Bounding Box Debugger/Images_9_48cf1506e853307760a1.png", "media/images/Bounding Box Debugger/Images_9_3c65069a3afa06345c3c.png", "media/images/Bounding Box Debugger/Images_9_4e3516c3be2756a9c77c.png", "media/images/Bounding Box Debugger/Images_9_57d0865e54538e7747b0.png", "media/images/Bounding Box Debugger/Images_9_40a9b02d25e3b0572bfd.png", "media/images/Bounding Box Debugger/Images_9_cc1c0d5ca4acff0f5a18.png", "media/images/Bounding Box Debugger/Images_9_813ff27ca37e3b65afd2.png", "media/images/Bounding Box Debugger/Images_9_202914b6de0b3c9a5903.png", "media/images/Bounding Box Debugger/Images_9_dabd5d04b8263eff6fd1.png", "media/images/Bounding Box Debugger/Images_9_1a9819c838f188916bc7.png", "media/images/Bounding Box Debugger/Images_9_c9579953c412e193f8df.png", "media/images/Bounding Box Debugger/Images_9_6d131b286572b407e8f1.png", "media/images/Bounding Box Debugger/Images_9_13f1176ec3695042286b.png", "media/images/Bounding Box Debugger/Images_9_9a116cc753eb5f3193b7.png"], "captions": ["IMG_20230722_130446-2.jpg", "IMG_20230722_132427.jpg", "IMG_20230722_130823.jpg", "IMG_20230722_130718.jpg", "IMG_20230722_131143.jpg", "IMG_20230722_140335.jpg", "IMG_20230721_165620.jpg", "IMG_20230722_132548-2.jpg", "IMG_20230722_131533.jpg", "IMG_20230722_131623.jpg", "IMG_20230722_131658.jpg", "IMG_20230722_131909.jpg", "IMG_20230722_132007.jpg", "IMG_20230722_132217.jpg", "IMG_20230722_132439.jpg", "IMG_20230722_131529.jpg"], "all_boxes": [{"predictions": {"_type": "boxes2D", "sha256": "b54f652fa7537472187699721d466b5f3637df2a20b58e401c20d641837c1b12", "size": 10604, "path": "media/metadata/boxes2D/Bounding Box Debugger/Images_9_b54f652fa75374721876.boxes2D.json"}}, {"predictions": {"_type": "boxes2D", "sha256": "a317c7f9be8c1dccee6b12fe6cd94958458c2161511af1691585dd683ef3ca7f", "size": 4103, "path": "media/metadata/boxes2D/Bounding Box Debugger/Images_9_a317c7f9be8c1dccee6b.boxes2D.json"}}, {"predictions": {"_type": "boxes2D", "sha256": "3837e773cda3990c9faf9ff2d70a117005664f2f8a84842a7a5f82198f624f6e", "size": 3286, "path": "media/metadata/boxes2D/Bounding Box Debugger/Images_9_3837e773cda3990c9faf.boxes2D.json"}}, {"predictions": {"_type": "boxes2D", "sha256": "95601be2190c83f3d5ebd490621395228daaecaa00313b5ed5bd2ea652d1549c", "size": 2142, "path": "media/metadata/boxes2D/Bounding Box Debugger/Images_9_95601be2190c83f3d5eb.boxes2D.json"}}, {"predictions": {"_type": "boxes2D", "sha256": "5e08ea6890056e107d5c55a26882ebfcd543a8b9372a30718903936684ebd28d", "size": 2902, "path": "media/metadata/boxes2D/Bounding Box Debugger/Images_9_5e08ea6890056e107d5c.boxes2D.json"}}, {"predictions": {"_type": "boxes2D", "sha256": "d735930e27fe274868bb94f99ae307a148e2cfb1b0c4886c5b0951e62073f77a", "size": 1176, "path": "media/metadata/boxes2D/Bounding Box Debugger/Images_9_d735930e27fe274868bb.boxes2D.json"}}, {"predictions": {"_type": "boxes2D", "sha256": "42d635268f9a5684b1db802003713c4702889320bcd86f3c45208765ababe23a", "size": 3140, "path": "media/metadata/boxes2D/Bounding Box Debugger/Images_9_42d635268f9a5684b1db.boxes2D.json"}}, {"predictions": {"_type": "boxes2D", "sha256": "d09a14240e584c5d1fa282531fe852b8ce0072de4470a00a59ead31ce17fce4d", "size": 3695, "path": "media/metadata/boxes2D/Bounding Box Debugger/Images_9_d09a14240e584c5d1fa2.boxes2D.json"}}, {"predictions": {"_type": "boxes2D", "sha256": "8ee3b31941c4c4a77dbb187e1e7186d2aa7ece274e5efc2efa1df9788b153ab1", "size": 1746, "path": "media/metadata/boxes2D/Bounding Box Debugger/Images_9_8ee3b31941c4c4a77dbb.boxes2D.json"}}, {"predictions": {"_type": "boxes2D", "sha256": "b5f33de5baf97eddb4947a8e29adedb538ac69c9327e95e8e404568d7a05e7a7", "size": 1354, "path": "media/metadata/boxes2D/Bounding Box Debugger/Images_9_b5f33de5baf97eddb494.boxes2D.json"}}, {"predictions": {"_type": "boxes2D", "sha256": "f75e8ab85b5e62f95cc59e8145a1efedd5a9f6eb6dfe3942b95e5f03772baf3d", "size": 2871, "path": "media/metadata/boxes2D/Bounding Box Debugger/Images_9_f75e8ab85b5e62f95cc5.boxes2D.json"}}, {"predictions": {"_type": "boxes2D", "sha256": "388d128573c20efc9d93523b233da60b5c9efa432fb4caa34e2140b11bed5553", "size": 4055, "path": "media/metadata/boxes2D/Bounding Box Debugger/Images_9_388d128573c20efc9d93.boxes2D.json"}}, {"predictions": {"_type": "boxes2D", "sha256": "8a8e142992b0a806a5b37d1a467a1e09cd4c8a7aa143cab4ab17eb102a8c1428", "size": 1943, "path": "media/metadata/boxes2D/Bounding Box Debugger/Images_9_8a8e142992b0a806a5b3.boxes2D.json"}}, {"predictions": {"_type": "boxes2D", "sha256": "ace3a48a1eedcc9fa0b506838a593438c0d863ea3abcdddb20656943278b4581", "size": 1938, "path": "media/metadata/boxes2D/Bounding Box Debugger/Images_9_ace3a48a1eedcc9fa0b5.boxes2D.json"}}, {"predictions": {"_type": "boxes2D", "sha256": "95e371b5c3f845704457e9afa6df0a8c7efa62f4ec48202fe60db05bd6fcf5d9", "size": 804, "path": "media/metadata/boxes2D/Bounding Box Debugger/Images_9_95e371b5c3f845704457.boxes2D.json"}}, {"predictions": {"_type": "boxes2D", "sha256": "b297fbe80de7c96b42b2818eb49c26ad4dcc6edb63baf2a87b990b8feb1c0c71", "size": 986, "path": "media/metadata/boxes2D/Bounding Box Debugger/Images_9_b297fbe80de7c96b42b2.boxes2D.json"}}]}, "_wandb": {"runtime": 2346}}