{"Mosaics": {"_type": "images/separated", "width": 1280, "height": 1280, "format": "jpg", "count": 10, "filenames": ["media/images/Mosaics_0_d1442e90c42fac751a73.jpg", "media/images/Mosaics_0_20d85a6e17593737878f.jpg", "media/images/Mosaics_0_e789e9d14cfe34bd5898.jpg", "media/images/Mosaics_0_1a7df4a019ac17aa26e0.jpg", "media/images/Mosaics_0_71d4165ee3ccbbf67635.jpg", "media/images/Mosaics_0_e51e9f44b677333ffc81.jpg", "media/images/Mosaics_0_57a6930c1d5d82edb1c8.jpg", "media/images/Mosaics_0_55560ecd7e5948d6eabd.jpg", "media/images/Mosaics_0_4725a18cb24aa0dd5f91.jpg", "media/images/Mosaics_0_8e063753b0e38176bd19.jpg"], "captions": ["train_batch8.jpg", "train_batch1.jpg", "train_batch3.jpg", "train_batch5.jpg", "train_batch0.jpg", "train_batch6.jpg", "train_batch9.jpg", "train_batch4.jpg", "train_batch2.jpg", "train_batch7.jpg"]}, "train/box_loss": 0.03428693115711212, "train/obj_loss": 0.003549497341737151, "train/cls_loss": 0.0, "metrics/precision": 0.0651977018807061, "metrics/recall": 0.8166666666666667, "metrics/mAP_0.5": 0.0631295366056145, "metrics/mAP_0.5:0.95": 0.02270012709248693, "val/box_loss": 0.059822529554367065, "val/obj_loss": 0.10962381958961487, "val/cls_loss": 0.0, "x/lr0": 0.0011758137686200191, "x/lr1": 0.0011758137686200191, "x/lr2": 0.08927581376862002, "_timestamp": 1719477424.3819704, "_runtime": 1899.465258359909, "_step": 8, "Results": {"_type": "images/separated", "width": 2400, "height": 1200, "format": "png", "count": 1, "filenames": ["media/images/Results_8_89a71882a5d76fa42a25.png"], "captions": ["results.png"]}, "_wandb": {"runtime": 1898}}