{"Mosaics": {"_type": "images/separated", "width": 1280, "height": 1280, "format": "jpg", "count": 10, "filenames": ["media/images/Mosaics_0_d1442e90c42fac751a73.jpg", "media/images/Mosaics_0_20d85a6e17593737878f.jpg", "media/images/Mosaics_0_e789e9d14cfe34bd5898.jpg", "media/images/Mosaics_0_1a7df4a019ac17aa26e0.jpg", "media/images/Mosaics_0_71d4165ee3ccbbf67635.jpg", "media/images/Mosaics_0_e51e9f44b677333ffc81.jpg", "media/images/Mosaics_0_57a6930c1d5d82edb1c8.jpg", "media/images/Mosaics_0_55560ecd7e5948d6eabd.jpg", "media/images/Mosaics_0_4725a18cb24aa0dd5f91.jpg", "media/images/Mosaics_0_8e063753b0e38176bd19.jpg"], "captions": ["train_batch8.jpg", "train_batch1.jpg", "train_batch3.jpg", "train_batch5.jpg", "train_batch0.jpg", "train_batch6.jpg", "train_batch9.jpg", "train_batch4.jpg", "train_batch2.jpg", "train_batch7.jpg"]}, "train/box_loss": 0.021545538678765297, "train/obj_loss": 0.0024153362028300762, "train/cls_loss": 0.0, "metrics/precision": 0.9642793611971694, "metrics/recall": 0.899836937394015, "metrics/mAP_0.5": 0.9697851495969108, "metrics/mAP_0.5:0.95": 0.7735216617589215, "val/box_loss": 0.03240825608372688, "val/obj_loss": 0.004623884800821543, "val/cls_loss": 0.0, "x/lr0": 0.004045102758208443, "x/lr1": 0.004045102758208443, "x/lr2": 0.04114510275820844, "_timestamp": 1719410151.9361782, "_runtime": 9428.151123285294, "_step": 42, "Bounding Box Debugger/Images": {"_type": "images/separated", "width": 672, "height": 512, "format": "png", "count": 16, "filenames": ["media/images/Bounding Box Debugger/Images_39_3dfd76bb70f891fae2f7.png", "media/images/Bounding Box Debugger/Images_39_8f00eff7546d43d96725.png", "media/images/Bounding Box Debugger/Images_39_48cf1506e853307760a1.png", "media/images/Bounding Box Debugger/Images_39_3c65069a3afa06345c3c.png", "media/images/Bounding Box Debugger/Images_39_4e3516c3be2756a9c77c.png", "media/images/Bounding Box Debugger/Images_39_57d0865e54538e7747b0.png", "media/images/Bounding Box Debugger/Images_39_40a9b02d25e3b0572bfd.png", "media/images/Bounding Box Debugger/Images_39_cc1c0d5ca4acff0f5a18.png", "media/images/Bounding Box Debugger/Images_39_813ff27ca37e3b65afd2.png", "media/images/Bounding Box Debugger/Images_39_202914b6de0b3c9a5903.png", "media/images/Bounding Box Debugger/Images_39_dabd5d04b8263eff6fd1.png", "media/images/Bounding Box Debugger/Images_39_1a9819c838f188916bc7.png", "media/images/Bounding Box Debugger/Images_39_c9579953c412e193f8df.png", "media/images/Bounding Box Debugger/Images_39_6d131b286572b407e8f1.png", "media/images/Bounding Box Debugger/Images_39_13f1176ec3695042286b.png", "media/images/Bounding Box Debugger/Images_39_9a116cc753eb5f3193b7.png"], "captions": ["IMG_20230722_130446-2.jpg", "IMG_20230722_132427.jpg", "IMG_20230722_130823.jpg", "IMG_20230722_130718.jpg", "IMG_20230722_131143.jpg", "IMG_20230722_140335.jpg", "IMG_20230721_165620.jpg", "IMG_20230722_132548-2.jpg", "IMG_20230722_131533.jpg", "IMG_20230722_131623.jpg", "IMG_20230722_131658.jpg", "IMG_20230722_131909.jpg", "IMG_20230722_132007.jpg", "IMG_20230722_132217.jpg", "IMG_20230722_132439.jpg", "IMG_20230722_131529.jpg"], "all_boxes": [{"predictions": {"_type": "boxes2D", "sha256": "1e4cf5548084f697cf0d931f8c68cdc7752fc5d764e6dd268bdc566964daca7c", "size": 3947, "path": "media/metadata/boxes2D/Bounding Box Debugger/Images_39_1e4cf5548084f697cf0d.boxes2D.json"}}, {"predictions": {"_type": "boxes2D", "sha256": "c8d3af60c8f92760372fe9fdf09b8b228b66e4f2736237061702cbb17b77104e", "size": 11291, "path": "media/metadata/boxes2D/Bounding Box Debugger/Images_39_c8d3af60c8f92760372f.boxes2D.json"}}, {"predictions": {"_type": "boxes2D", "sha256": "9b22db6073f9d5e3c4ab538bf1e5c5400116e8ea3c8d1dd4fd9b561dd9b6d01f", "size": 796, "path": "media/metadata/boxes2D/Bounding Box Debugger/Images_39_9b22db6073f9d5e3c4ab.boxes2D.json"}}, {"predictions": {"_type": "boxes2D", "sha256": "58f4739af071b26c6dc83b23061895db13574aa94eb0431abf43218aaa962096", "size": 623, "path": "media/metadata/boxes2D/Bounding Box Debugger/Images_39_58f4739af071b26c6dc8.boxes2D.json"}}, {"predictions": {"_type": "boxes2D", "sha256": "930aecfc1f6429071059bfa31278903d533eab90be907719f6f5bd4fa6088023", "size": 625, "path": "media/metadata/boxes2D/Bounding Box Debugger/Images_39_930aecfc1f6429071059.boxes2D.json"}}, {"predictions": {"_type": "boxes2D", "sha256": "22279b2aae909d508a6095033cff58f9e4bd4038a7b7df451ff2569c42d48ca0", "size": 630, "path": "media/metadata/boxes2D/Bounding Box Debugger/Images_39_22279b2aae909d508a60.boxes2D.json"}}, {"predictions": {"_type": "boxes2D", "sha256": "fa57727fa69773e5dbacffc7b504a4709aecc28cb127254aa200000ae2166a8a", "size": 4496, "path": "media/metadata/boxes2D/Bounding Box Debugger/Images_39_fa57727fa69773e5dbac.boxes2D.json"}}, {"predictions": {"_type": "boxes2D", "sha256": "089502b5d68b69b3521b230bff202b764d18af7f893c40a2d52e75e8deb31967", "size": 439, "path": "media/metadata/boxes2D/Bounding Box Debugger/Images_39_089502b5d68b69b3521b.boxes2D.json"}}, {"predictions": {"_type": "boxes2D", "sha256": "523e500a25fefc51daf9f5b9fa6e6e72611cd6787aabd1496e98d9b490347f75", "size": 1784, "path": "media/metadata/boxes2D/Bounding Box Debugger/Images_39_523e500a25fefc51daf9.boxes2D.json"}}, {"predictions": {"_type": "boxes2D", "sha256": "5e33cee1dc014d86f6b9fcc64e1ff698be6f9ebda3fb961cd2f8d10028516e22", "size": 996, "path": "media/metadata/boxes2D/Bounding Box Debugger/Images_39_5e33cee1dc014d86f6b9.boxes2D.json"}}, {"predictions": {"_type": "boxes2D", "sha256": "1a91225c2635ce3dd7d75ef9376e7cab42f7e471ce16d8c11e12b8ecb115ce4e", "size": 421, "path": "media/metadata/boxes2D/Bounding Box Debugger/Images_39_1a91225c2635ce3dd7d7.boxes2D.json"}}, {"predictions": {"_type": "boxes2D", "sha256": "4c22d87f4b2ab7a076aa88d802bccc2d7f15079da5704c3b4f6c6bb058c91b30", "size": 1214, "path": "media/metadata/boxes2D/Bounding Box Debugger/Images_39_4c22d87f4b2ab7a076aa.boxes2D.json"}}, {"predictions": {"_type": "boxes2D", "sha256": "69a103fc05d488d9335aacdd29569327a601ded9ddb798e08293f3e56b0fe5e0", "size": 237, "path": "media/metadata/boxes2D/Bounding Box Debugger/Images_39_69a103fc05d488d9335a.boxes2D.json"}}, {"predictions": {"_type": "boxes2D", "sha256": "815d09a676228b8423865dcf11c2950aaa72f82a7eaa3812cb86e5dddfffbc48", "size": 819, "path": "media/metadata/boxes2D/Bounding Box Debugger/Images_39_815d09a676228b842386.boxes2D.json"}}, {"predictions": {"_type": "boxes2D", "sha256": "78169d5f03c31d6eafb5c8d265f70225668cbd93134ed6e46d485ff883658831", "size": 240, "path": "media/metadata/boxes2D/Bounding Box Debugger/Images_39_78169d5f03c31d6eafb5.boxes2D.json"}}, {"predictions": {"_type": "boxes2D", "sha256": "878c1d8ada2a30cad1a83d7f8e193a2947b55b9eb8f03092a6eb91936481f33a", "size": 1392, "path": "media/metadata/boxes2D/Bounding Box Debugger/Images_39_878c1d8ada2a30cad1a8.boxes2D.json"}}]}, "Results": {"_type": "images/separated", "width": 2400, "height": 1200, "format": "png", "count": 1, "filenames": ["media/images/Results_42_575860e6eb888211de65.png"], "captions": ["results.png"]}, "_wandb": {"runtime": 9427}}