{"Mosaics": {"_type": "images/separated", "width": 1280, "height": 1280, "format": "jpg", "count": 10, "filenames": ["media/images/Mosaics_0_d1442e90c42fac751a73.jpg", "media/images/Mosaics_0_20d85a6e17593737878f.jpg", "media/images/Mosaics_0_e789e9d14cfe34bd5898.jpg", "media/images/Mosaics_0_1a7df4a019ac17aa26e0.jpg", "media/images/Mosaics_0_71d4165ee3ccbbf67635.jpg", "media/images/Mosaics_0_e51e9f44b677333ffc81.jpg", "media/images/Mosaics_0_57a6930c1d5d82edb1c8.jpg", "media/images/Mosaics_0_55560ecd7e5948d6eabd.jpg", "media/images/Mosaics_0_4725a18cb24aa0dd5f91.jpg", "media/images/Mosaics_0_8e063753b0e38176bd19.jpg"], "captions": ["train_batch8.jpg", "train_batch1.jpg", "train_batch3.jpg", "train_batch5.jpg", "train_batch0.jpg", "train_batch6.jpg", "train_batch9.jpg", "train_batch4.jpg", "train_batch2.jpg", "train_batch7.jpg"]}, "train/box_loss": 0.02237265184521675, "train/obj_loss": 0.0028466370422393084, "train/cls_loss": 0.0, "metrics/precision": 0.946408556520916, "metrics/recall": 0.8829908560245638, "metrics/mAP_0.5": 0.9635968721627913, "metrics/mAP_0.5:0.95": 0.7043039377451655, "val/box_loss": 0.0384037084877491, "val/obj_loss": 0.004861477762460709, "val/cls_loss": 0.0, "x/lr0": 0.0037629144210939392, "x/lr1": 0.0037629144210939392, "x/lr2": 0.024362914421093937, "_timestamp": 1719423744.4394305, "_runtime": 12408.065127372742, "_step": 53, "Bounding Box Debugger/Images": {"_type": "images/separated", "width": 672, "height": 512, "format": "png", "count": 16, "filenames": ["media/images/Bounding Box Debugger/Images_49_3dfd76bb70f891fae2f7.png", "media/images/Bounding Box Debugger/Images_49_8f00eff7546d43d96725.png", "media/images/Bounding Box Debugger/Images_49_48cf1506e853307760a1.png", "media/images/Bounding Box Debugger/Images_49_3c65069a3afa06345c3c.png", "media/images/Bounding Box Debugger/Images_49_4e3516c3be2756a9c77c.png", "media/images/Bounding Box Debugger/Images_49_57d0865e54538e7747b0.png", "media/images/Bounding Box Debugger/Images_49_40a9b02d25e3b0572bfd.png", "media/images/Bounding Box Debugger/Images_49_cc1c0d5ca4acff0f5a18.png", "media/images/Bounding Box Debugger/Images_49_813ff27ca37e3b65afd2.png", "media/images/Bounding Box Debugger/Images_49_202914b6de0b3c9a5903.png", "media/images/Bounding Box Debugger/Images_49_dabd5d04b8263eff6fd1.png", "media/images/Bounding Box Debugger/Images_49_1a9819c838f188916bc7.png", "media/images/Bounding Box Debugger/Images_49_c9579953c412e193f8df.png", "media/images/Bounding Box Debugger/Images_49_6d131b286572b407e8f1.png", "media/images/Bounding Box Debugger/Images_49_13f1176ec3695042286b.png", "media/images/Bounding Box Debugger/Images_49_9a116cc753eb5f3193b7.png"], "captions": ["IMG_20230722_130446-2.jpg", "IMG_20230722_132427.jpg", "IMG_20230722_130823.jpg", "IMG_20230722_130718.jpg", "IMG_20230722_131143.jpg", "IMG_20230722_140335.jpg", "IMG_20230721_165620.jpg", "IMG_20230722_132548-2.jpg", "IMG_20230722_131533.jpg", "IMG_20230722_131623.jpg", "IMG_20230722_131658.jpg", "IMG_20230722_131909.jpg", "IMG_20230722_132007.jpg", "IMG_20230722_132217.jpg", "IMG_20230722_132439.jpg", "IMG_20230722_131529.jpg"], "all_boxes": [{"predictions": {"_type": "boxes2D", "sha256": "6408e705621e6531702bff245c3ed3705d7ab20fd0cf56fe28cad4838bcb5650", "size": 619, "path": "media/metadata/boxes2D/Bounding Box Debugger/Images_49_6408e705621e6531702b.boxes2D.json"}}, {"predictions": {"_type": "boxes2D", "sha256": "e5ced272790ebc42626e976e775d31e904556c6824f58444cde0d16004f1c3ba", "size": 433, "path": "media/metadata/boxes2D/Bounding Box Debugger/Images_49_e5ced272790ebc42626e.boxes2D.json"}}, {"predictions": {"_type": "boxes2D", "sha256": "235348d1dbc979b3d9215318036d82b3092753adcaee7ce9b547eee361c045ee", "size": 3177, "path": "media/metadata/boxes2D/Bounding Box Debugger/Images_49_235348d1dbc979b3d921.boxes2D.json"}}, {"predictions": {"_type": "boxes2D", "sha256": "e4b7b9b18d4c16dfdd5ec01ed002a9615ea8d5b60d3a658fdaf28853b5a37136", "size": 428, "path": "media/metadata/boxes2D/Bounding Box Debugger/Images_49_e4b7b9b18d4c16dfdd5e.boxes2D.json"}}, {"predictions": {"_type": "boxes2D", "sha256": "f775a27196ba7e782b8df83fbd364b1613d8ba0d5e54c2e386d894dbb05fc2a8", "size": 236, "path": "media/metadata/boxes2D/Bounding Box Debugger/Images_49_f775a27196ba7e782b8d.boxes2D.json"}}, {"predictions": {"_type": "boxes2D", "sha256": "41b39e48281272fccb765ee044679c989799486271167d8c8e973fccf338a497", "size": 431, "path": "media/metadata/boxes2D/Bounding Box Debugger/Images_49_41b39e48281272fccb76.boxes2D.json"}}, {"predictions": {"_type": "boxes2D", "sha256": "002475bba15d13e7dde6658b4dc374c732a8d9700bc0e1469690fe2f47b511b1", "size": 622, "path": "media/metadata/boxes2D/Bounding Box Debugger/Images_49_002475bba15d13e7dde6.boxes2D.json"}}, {"predictions": {"_type": "boxes2D", "sha256": "f09ad1b991074058fbb88def2605c92da6033eb714adedbf6d606cdafe6ad129", "size": 1228, "path": "media/metadata/boxes2D/Bounding Box Debugger/Images_49_f09ad1b991074058fbb8.boxes2D.json"}}, {"predictions": {"_type": "boxes2D", "sha256": "14d3f1c439b3d93cdfdff09e0131539663a0f9e322387816049ae13261a1ebbc", "size": 436, "path": "media/metadata/boxes2D/Bounding Box Debugger/Images_49_14d3f1c439b3d93cdfdf.boxes2D.json"}}, {"predictions": {"_type": "boxes2D", "sha256": "a3a0a30772055ad97a0436d21c98364b31220320557b0d8413ec7521e2afda51", "size": 415, "path": "media/metadata/boxes2D/Bounding Box Debugger/Images_49_a3a0a30772055ad97a04.boxes2D.json"}}, {"predictions": {"_type": "boxes2D", "sha256": "f99e16cc0a006e0b331d144bd557fb79a434c200034d93a580937f592e96d2f8", "size": 1182, "path": "media/metadata/boxes2D/Bounding Box Debugger/Images_49_f99e16cc0a006e0b331d.boxes2D.json"}}, {"predictions": {"_type": "boxes2D", "sha256": "d15b2e25078f19e68839556c7efa617eb6eb3e1360c6e6813304f6a208ca226e", "size": 232, "path": "media/metadata/boxes2D/Bounding Box Debugger/Images_49_d15b2e25078f19e68839.boxes2D.json"}}, {"predictions": {"_type": "boxes2D", "sha256": "d6a80d5c23f0bc28db68d7b082c7cb10a9cd42186486e9c9da29798b9154fdb7", "size": 432, "path": "media/metadata/boxes2D/Bounding Box Debugger/Images_49_d6a80d5c23f0bc28db68.boxes2D.json"}}, {"predictions": {"_type": "boxes2D", "sha256": "bf21caba76ba17f010d74d988eab34292ed816addafc5d11d76c7e66dd6ded3c", "size": 618, "path": "media/metadata/boxes2D/Bounding Box Debugger/Images_49_bf21caba76ba17f010d7.boxes2D.json"}}, {"predictions": {"_type": "boxes2D", "sha256": "f332e7a332006d22a606b98407624667c773ceb42557a62f93fb06851abb8105", "size": 236, "path": "media/metadata/boxes2D/Bounding Box Debugger/Images_49_f332e7a332006d22a606.boxes2D.json"}}, {"predictions": {"_type": "boxes2D", "sha256": "24d04a956127fd9fefb8debf60f73f96f13d9c0c32e3d8ddae120df1683b3024", "size": 428, "path": "media/metadata/boxes2D/Bounding Box Debugger/Images_49_24d04a956127fd9fefb8.boxes2D.json"}}]}, "Results": {"_type": "images/separated", "width": 2400, "height": 1200, "format": "png", "count": 1, "filenames": ["media/images/Results_53_0e19f736514c9570d255.png"], "captions": ["results.png"]}, "_wandb": {"runtime": 12407}}