{"Mosaics": {"_type": "images/separated", "width": 1280, "height": 1280, "format": "jpg", "count": 10, "filenames": ["media/images/Mosaics_0_d1442e90c42fac751a73.jpg", "media/images/Mosaics_0_20d85a6e17593737878f.jpg", "media/images/Mosaics_0_e789e9d14cfe34bd5898.jpg", "media/images/Mosaics_0_1a7df4a019ac17aa26e0.jpg", "media/images/Mosaics_0_71d4165ee3ccbbf67635.jpg", "media/images/Mosaics_0_e51e9f44b677333ffc81.jpg", "media/images/Mosaics_0_57a6930c1d5d82edb1c8.jpg", "media/images/Mosaics_0_55560ecd7e5948d6eabd.jpg", "media/images/Mosaics_0_4725a18cb24aa0dd5f91.jpg", "media/images/Mosaics_0_8e063753b0e38176bd19.jpg"], "captions": ["train_batch8.jpg", "train_batch1.jpg", "train_batch3.jpg", "train_batch5.jpg", "train_batch0.jpg", "train_batch6.jpg", "train_batch9.jpg", "train_batch4.jpg", "train_batch2.jpg", "train_batch7.jpg"]}, "train/box_loss": 0.023009924218058586, "train/obj_loss": 0.005033065099269152, "train/cls_loss": 0.0, "metrics/precision": 0.5952128782317462, "metrics/recall": 0.5166666666666667, "metrics/mAP_0.5": 0.6055604476870127, "metrics/mAP_0.5:0.95": 0.4477878713980565, "val/box_loss": 0.03273429721593857, "val/obj_loss": 0.0069303689524531364, "val/cls_loss": 0.0, "x/lr0": 0.002865890301577315, "x/lr1": 0.002865890301577315, "x/lr2": 0.00546589030157732, "_timestamp": 1719454732.6714058, "_runtime": 15177.324303865433, "_step": 65, "Bounding Box Debugger/Images": {"_type": "images/separated", "width": 672, "height": 512, "format": "png", "count": 16, "filenames": ["media/images/Bounding Box Debugger/Images_59_3dfd76bb70f891fae2f7.png", "media/images/Bounding Box Debugger/Images_59_8f00eff7546d43d96725.png", "media/images/Bounding Box Debugger/Images_59_48cf1506e853307760a1.png", "media/images/Bounding Box Debugger/Images_59_3c65069a3afa06345c3c.png", "media/images/Bounding Box Debugger/Images_59_4e3516c3be2756a9c77c.png", "media/images/Bounding Box Debugger/Images_59_57d0865e54538e7747b0.png", "media/images/Bounding Box Debugger/Images_59_40a9b02d25e3b0572bfd.png", "media/images/Bounding Box Debugger/Images_59_cc1c0d5ca4acff0f5a18.png", "media/images/Bounding Box Debugger/Images_59_813ff27ca37e3b65afd2.png", "media/images/Bounding Box Debugger/Images_59_202914b6de0b3c9a5903.png", "media/images/Bounding Box Debugger/Images_59_dabd5d04b8263eff6fd1.png", "media/images/Bounding Box Debugger/Images_59_1a9819c838f188916bc7.png", "media/images/Bounding Box Debugger/Images_59_c9579953c412e193f8df.png", "media/images/Bounding Box Debugger/Images_59_6d131b286572b407e8f1.png", "media/images/Bounding Box Debugger/Images_59_13f1176ec3695042286b.png", "media/images/Bounding Box Debugger/Images_59_9a116cc753eb5f3193b7.png"], "captions": ["IMG_20230722_130446-2.jpg", "IMG_20230722_132427.jpg", "IMG_20230722_130823.jpg", "IMG_20230722_130718.jpg", "IMG_20230722_131143.jpg", "IMG_20230722_140335.jpg", "IMG_20230721_165620.jpg", "IMG_20230722_132548-2.jpg", "IMG_20230722_131533.jpg", "IMG_20230722_131623.jpg", "IMG_20230722_131658.jpg", "IMG_20230722_131909.jpg", "IMG_20230722_132007.jpg", "IMG_20230722_132217.jpg", "IMG_20230722_132439.jpg", "IMG_20230722_131529.jpg"], "all_boxes": [{"predictions": {"_type": "boxes2D", "sha256": "7261476420ca99983bbc9295cdc5c07b0a59845505924012aee2e98fd741d3cf", "size": 3502, "path": "media/metadata/boxes2D/Bounding Box Debugger/Images_59_7261476420ca99983bbc.boxes2D.json"}}, {"predictions": {"_type": "boxes2D", "sha256": "0b6dd7012b5f363e333c74a34232698a8fd6eefab380990a6d2c17f5b8f2eda2", "size": 441, "path": "media/metadata/boxes2D/Bounding Box Debugger/Images_59_0b6dd7012b5f363e333c.boxes2D.json"}}, {"predictions": {"_type": "boxes2D", "sha256": "a1f949db654216d3f916d864c138937c8a9baf18f31eec6d958c1b5363171ce2", "size": 792, "path": "media/metadata/boxes2D/Bounding Box Debugger/Images_59_a1f949db654216d3f916.boxes2D.json"}}, {"predictions": {"_type": "boxes2D", "sha256": "2f7617a3b372894bf39251a41cec46860a405f265aafbee6ca404f7ec4675857", "size": 2149, "path": "media/metadata/boxes2D/Bounding Box Debugger/Images_59_2f7617a3b372894bf392.boxes2D.json"}}, {"predictions": {"_type": "boxes2D", "sha256": "9bf12d6a79ed39207523c28bfc9d0c032b32b7ce33dd0bce3265079c7f3bcf7c", "size": 419, "path": "media/metadata/boxes2D/Bounding Box Debugger/Images_59_9bf12d6a79ed39207523.boxes2D.json"}}, {"predictions": {"_type": "boxes2D", "sha256": "35562d51e0c488e3b2de30b533dacecbc9f1ba85af09a6813f54d7773e696bdf", "size": 424, "path": "media/metadata/boxes2D/Bounding Box Debugger/Images_59_35562d51e0c488e3b2de.boxes2D.json"}}, {"predictions": {"_type": "boxes2D", "sha256": "5d2fdabfa1a100dd9fa9d8684bbe74a70a3e4be917efcf326d6f60e027674937", "size": 816, "path": "media/metadata/boxes2D/Bounding Box Debugger/Images_59_5d2fdabfa1a100dd9fa9.boxes2D.json"}}, {"predictions": {"_type": "boxes2D", "sha256": "ece7630cbd1ffa4930a79bc5192bf60c74959c73e48d12fd1d397d53dd096b60", "size": 1189, "path": "media/metadata/boxes2D/Bounding Box Debugger/Images_59_ece7630cbd1ffa4930a7.boxes2D.json"}}, {"predictions": {"_type": "boxes2D", "sha256": "86c2787316bed387bcd685d864c3491387b33c788fa197013e355f011c7fcc14", "size": 612, "path": "media/metadata/boxes2D/Bounding Box Debugger/Images_59_86c2787316bed387bcd6.boxes2D.json"}}, {"predictions": {"_type": "boxes2D", "sha256": "1e78df385973fca4755ba488c5ed7053967326eb321d8dbb26b5094b7e89c0e5", "size": 793, "path": "media/metadata/boxes2D/Bounding Box Debugger/Images_59_1e78df385973fca4755b.boxes2D.json"}}, {"predictions": {"_type": "boxes2D", "sha256": "fdd6d9a050d07b0637204e4c454d59732d491bbc47099aa49cd5b82e1cf8ac8d", "size": 1176, "path": "media/metadata/boxes2D/Bounding Box Debugger/Images_59_fdd6d9a050d07b063720.boxes2D.json"}}, {"predictions": {"_type": "boxes2D", "sha256": "a14ccf375ce393d9521b010ad76c0730a03ffe4f36a28cace27d7d6ffdb43234", "size": 797, "path": "media/metadata/boxes2D/Bounding Box Debugger/Images_59_a14ccf375ce393d9521b.boxes2D.json"}}, {"predictions": {"_type": "boxes2D", "sha256": "5941ef950339006fdbfb1c224e17dfa35090da9357fdc4bb7121a45d3c70fc06", "size": 800, "path": "media/metadata/boxes2D/Bounding Box Debugger/Images_59_5941ef950339006fdbfb.boxes2D.json"}}, {"predictions": {"_type": "boxes2D", "sha256": "b355a78b6fd3cc9e53cdcb22f3c9e86b79bcb2e798aa27533609b9699b2108a2", "size": 983, "path": "media/metadata/boxes2D/Bounding Box Debugger/Images_59_b355a78b6fd3cc9e53cd.boxes2D.json"}}, {"predictions": {"_type": "boxes2D", "sha256": "479d2106d9d47832822fbee53f2521b68dafa13983545ece6441fa9630983a7c", "size": 235, "path": "media/metadata/boxes2D/Bounding Box Debugger/Images_59_479d2106d9d47832822f.boxes2D.json"}}, {"predictions": {"_type": "boxes2D", "sha256": "0fc24b60aa917147296154ec2febcd8fec36484d2dda3fe8339b93543bf950a8", "size": 601, "path": "media/metadata/boxes2D/Bounding Box Debugger/Images_59_0fc24b60aa9171472961.boxes2D.json"}}]}, "Results": {"_type": "images/separated", "width": 2400, "height": 1200, "format": "png", "count": 1, "filenames": ["media/images/Results_65_6a2371371de67168746d.png"], "captions": ["results.png"]}, "_wandb": {"runtime": 15176}}