{"Mosaics": {"_type": "images/separated", "width": 1280, "height": 1280, "format": "jpg", "count": 10, "filenames": ["media/images/Mosaics_0_26c9a3ae90ba033206a7.jpg", "media/images/Mosaics_0_28cc5c9394f1391930a4.jpg", "media/images/Mosaics_0_164a22b15cea404b882d.jpg", "media/images/Mosaics_0_27d7dc555d2b3e478f48.jpg", "media/images/Mosaics_0_54edbe0b2c4fe3aa3ba8.jpg", "media/images/Mosaics_0_99df113c98c4c5b170be.jpg", "media/images/Mosaics_0_1a29b4f434908c35edde.jpg", "media/images/Mosaics_0_34a5d9bd2b2bd9a6c70c.jpg", "media/images/Mosaics_0_e1f37dff23073b875f88.jpg", "media/images/Mosaics_0_b081620f0ca7d36d68a0.jpg"], "captions": ["train_batch8.jpg", "train_batch1.jpg", "train_batch3.jpg", "train_batch5.jpg", "train_batch0.jpg", "train_batch6.jpg", "train_batch9.jpg", "train_batch4.jpg", "train_batch2.jpg", "train_batch7.jpg"]}, "train/box_loss": 0.019844653084874153, "train/obj_loss": 0.00949862226843834, "train/cls_loss": 0.0, "metrics/precision": 0.9830503074788418, "metrics/recall": 0.9666358698766107, "metrics/mAP_0.5": 0.9858084513582541, "metrics/mAP_0.5:0.95": 0.856573370597866, "val/box_loss": 0.01599503681063652, "val/obj_loss": 0.0024513578973710537, "val/cls_loss": 0.0, "x/lr0": 8.221600301576215e-05, "x/lr1": 8.221600301576215e-05, "x/lr2": 0.025182216003015775, "_timestamp": 1720110529.228321, "_runtime": 12414.765180110931, "_step": 50, "Bounding Box Debugger/Images": {"_type": "images/separated", "width": 1056, "height": 800, "format": "png", "count": 16, "filenames": ["media/images/Bounding Box Debugger/Images_49_ad7b7907241d7e5b534e.png", "media/images/Bounding Box Debugger/Images_49_33b066e0502b41587d24.png", "media/images/Bounding Box Debugger/Images_49_8742f2847f823c6f513d.png", "media/images/Bounding Box Debugger/Images_49_2e9d9ed78b3b9e3ebe09.png", "media/images/Bounding Box Debugger/Images_49_417151578ebfdc0d75bd.png", "media/images/Bounding Box Debugger/Images_49_0ffcfa303cdcf8c86698.png", "media/images/Bounding Box Debugger/Images_49_86332780176e49b1878e.png", "media/images/Bounding Box Debugger/Images_49_28ab81e8f8d0bff4c1be.png", "media/images/Bounding Box Debugger/Images_49_5d80afc260b24700bfa9.png", "media/images/Bounding Box Debugger/Images_49_50c48db6a6288a432c77.png", "media/images/Bounding Box Debugger/Images_49_854a13e87dd05062a9bf.png", "media/images/Bounding Box Debugger/Images_49_881c2ad960a0c6b22a05.png", "media/images/Bounding Box Debugger/Images_49_a2e9cd5b6b05b8a4988e.png", "media/images/Bounding Box Debugger/Images_49_6ef510ece1755a31f8e5.png", "media/images/Bounding Box Debugger/Images_49_5b6288e7b5974143df36.png", "media/images/Bounding Box Debugger/Images_49_5ca05e158e43307098ed.png"], "captions": ["a50453f824.jpg", "IMG_20230722_124353.jpg", "IMG_20230722_131333.jpg", "IMG_20230722_131303.jpg", "IMG_20230722_131300.jpg", "IMG_20230722_131244.jpg", "IMG_20230722_131214.jpg", "IMG_20230722_131201.jpg", "IMG_20230722_131159.jpg", "IMG_20230722_131139.jpg", "IMG_20230722_130756.jpg", "IMG_20230722_130315.jpg", "IMG_20230722_124358.jpg", "IMG_20230722_124356.jpg", "IMG_20230722_124355.jpg", "IMG_20230722_135834.jpg"], "all_boxes": [{"predictions": {"_type": "boxes2D", "sha256": "8f45d8f985991a7b7b155721076bc57e31bfce4a0e573f93ef6a06754c7f1ce8", "size": 1769, "path": "media/metadata/boxes2D/Bounding Box Debugger/Images_49_8f45d8f985991a7b7b15.boxes2D.json"}}, {"predictions": {"_type": "boxes2D", "sha256": "ba601e194ce225ce090d55e2a79ef8bedfb5d50b99cb227941284bc5682676aa", "size": 1978, "path": "media/metadata/boxes2D/Bounding Box Debugger/Images_49_ba601e194ce225ce090d.boxes2D.json"}}, {"predictions": {"_type": "boxes2D", "sha256": "6f62f27e369d915e034503c1e8bcf768fca41fce8baf6fb06a8f37219fe98bc1", "size": 1192, "path": "media/metadata/boxes2D/Bounding Box Debugger/Images_49_6f62f27e369d915e0345.boxes2D.json"}}, {"predictions": {"_type": "boxes2D", "sha256": "f7c61f42df8fe59f925a4d1b76f8df57d649e5271e1fef52a98fc4b4a378aa1e", "size": 804, "path": "media/metadata/boxes2D/Bounding Box Debugger/Images_49_f7c61f42df8fe59f925a.boxes2D.json"}}, {"predictions": {"_type": "boxes2D", "sha256": "9f2b5dfab86a02c7be2f1c755a7e63d6515adba3afb31f15be0dcf76a80e8a84", "size": 1585, "path": "media/metadata/boxes2D/Bounding Box Debugger/Images_49_9f2b5dfab86a02c7be2f.boxes2D.json"}}, {"predictions": {"_type": "boxes2D", "sha256": "0a8890c04ef6dc667f21ce9e31b8cd758023d0ffc23fff0871b4d2dc971efa4f", "size": 1562, "path": "media/metadata/boxes2D/Bounding Box Debugger/Images_49_0a8890c04ef6dc667f21.boxes2D.json"}}, {"predictions": {"_type": "boxes2D", "sha256": "ceed43df5602857c86a79459fa0e9f71192b309e3477a05f4dc537b082ae7892", "size": 1197, "path": "media/metadata/boxes2D/Bounding Box Debugger/Images_49_ceed43df5602857c86a7.boxes2D.json"}}, {"predictions": {"_type": "boxes2D", "sha256": "1fa2389916a3473eb2cfe764f4a214db8975c807becab09afd35fc41ce0a1dce", "size": 1776, "path": "media/metadata/boxes2D/Bounding Box Debugger/Images_49_1fa2389916a3473eb2cf.boxes2D.json"}}, {"predictions": {"_type": "boxes2D", "sha256": "d28f2effc603a56388d070ef5235b57cc64df3dcca459b186d9766a34024cb96", "size": 1971, "path": "media/metadata/boxes2D/Bounding Box Debugger/Images_49_d28f2effc603a56388d0.boxes2D.json"}}, {"predictions": {"_type": "boxes2D", "sha256": "46407f889e99e9d7d5d0c90e38557162fdf8b23df306049f9e0a71c1f03ecb4e", "size": 1393, "path": "media/metadata/boxes2D/Bounding Box Debugger/Images_49_46407f889e99e9d7d5d0.boxes2D.json"}}, {"predictions": {"_type": "boxes2D", "sha256": "264db911fbc8d27a6cb527846950c296baf10ae2f19d701fd15e456a75b9a55f", "size": 1563, "path": "media/metadata/boxes2D/Bounding Box Debugger/Images_49_264db911fbc8d27a6cb5.boxes2D.json"}}, {"predictions": {"_type": "boxes2D", "sha256": "ac949033a37160935f7d1a7b863f19098b6af3e4d63c26d520a06e3ca9ea0754", "size": 1195, "path": "media/metadata/boxes2D/Bounding Box Debugger/Images_49_ac949033a37160935f7d.boxes2D.json"}}, {"predictions": {"_type": "boxes2D", "sha256": "a501103b3136f2206afef0e465e1b360022e85e1856e425f570c9a865414786d", "size": 828, "path": "media/metadata/boxes2D/Bounding Box Debugger/Images_49_a501103b3136f2206afe.boxes2D.json"}}, {"predictions": {"_type": "boxes2D", "sha256": "f315577e39adb08b252ade7064931521473d04d98e9af6baab967a70579efcba", "size": 1404, "path": "media/metadata/boxes2D/Bounding Box Debugger/Images_49_f315577e39adb08b252a.boxes2D.json"}}, {"predictions": {"_type": "boxes2D", "sha256": "c2eacf26d4278460e7e11edd6539e95e97b147bb8f4dd1d66959ba29ceecd856", "size": 1981, "path": "media/metadata/boxes2D/Bounding Box Debugger/Images_49_c2eacf26d4278460e7e1.boxes2D.json"}}, {"predictions": {"_type": "boxes2D", "sha256": "8dcee1416d025181d81f6fcc381f701bfe36f421d1548e3ae0f1a4d823315fdb", "size": 1398, "path": "media/metadata/boxes2D/Bounding Box Debugger/Images_49_8dcee1416d025181d81f.boxes2D.json"}}]}, "Validation": {"_type": "images/separated", "width": 1280, "height": 970, "format": "jpg", "count": 4, "filenames": ["media/images/Validation_49_a5b7c03bdc76cbf76004.jpg", "media/images/Validation_49_64e0574ebd14e397348b.jpg", "media/images/Validation_49_41480db7a085227af6d7.jpg", "media/images/Validation_49_76e26ef7bab244c62402.jpg"], "captions": ["test_batch0_labels.jpg", "test_batch0_pred.jpg", "test_batch1_labels.jpg", "test_batch1_pred.jpg"]}, "Results": {"_type": "images/separated", "width": 2400, "height": 1200, "format": "png", "count": 6, "filenames": ["media/images/Results_50_7f89d977c5fb9fef7824.png", "media/images/Results_50_9d64feb5568b5960dcd2.png", "media/images/Results_50_083874ca520e4b507a08.png", "media/images/Results_50_c080942b0fc76f4896f8.png", "media/images/Results_50_10d81e9a947f566026d8.png", "media/images/Results_50_5dd53ec254d0bf6ded3e.png"], "captions": ["results.png", "confusion_matrix.png", "F1_curve.png", "PR_curve.png", "P_curve.png", "R_curve.png"]}, "_wandb": {"runtime": 12414}}