{"Mosaics": {"_type": "images/separated", "width": 1280, "height": 1280, "format": "jpg", "count": 10, "filenames": ["media/images/Mosaics_0_d1442e90c42fac751a73.jpg", "media/images/Mosaics_0_20d85a6e17593737878f.jpg", "media/images/Mosaics_0_e789e9d14cfe34bd5898.jpg", "media/images/Mosaics_0_1a7df4a019ac17aa26e0.jpg", "media/images/Mosaics_0_71d4165ee3ccbbf67635.jpg", "media/images/Mosaics_0_e51e9f44b677333ffc81.jpg", "media/images/Mosaics_0_57a6930c1d5d82edb1c8.jpg", "media/images/Mosaics_0_55560ecd7e5948d6eabd.jpg", "media/images/Mosaics_0_4725a18cb24aa0dd5f91.jpg", "media/images/Mosaics_0_8e063753b0e38176bd19.jpg"], "captions": ["train_batch8.jpg", "train_batch1.jpg", "train_batch3.jpg", "train_batch5.jpg", "train_batch0.jpg", "train_batch6.jpg", "train_batch9.jpg", "train_batch4.jpg", "train_batch2.jpg", "train_batch7.jpg"]}, "train/box_loss": 0.020816480740904808, "train/obj_loss": 0.005256981123238802, "train/cls_loss": 0.0, "metrics/precision": 0.5198989560954264, "metrics/recall": 0.6333333333333333, "metrics/mAP_0.5": 0.5507759710712, "metrics/mAP_0.5:0.95": 0.4168307771565348, "val/box_loss": 0.03252725303173065, "val/obj_loss": 0.007290911860764027, "val/cls_loss": 0.0, "x/lr0": 0.0023844803888191496, "x/lr1": 0.0023844803888191496, "x/lr2": 0.07698448038881915, "_timestamp": 1719428911.8806562, "_runtime": 3941.5010793209076, "_step": 16, "Bounding Box Debugger/Images": {"_type": "images/separated", "width": 672, "height": 512, "format": "png", "count": 16, "filenames": ["media/images/Bounding Box Debugger/Images_9_3dfd76bb70f891fae2f7.png", "media/images/Bounding Box Debugger/Images_9_8f00eff7546d43d96725.png", "media/images/Bounding Box Debugger/Images_9_48cf1506e853307760a1.png", "media/images/Bounding Box Debugger/Images_9_3c65069a3afa06345c3c.png", "media/images/Bounding Box Debugger/Images_9_4e3516c3be2756a9c77c.png", "media/images/Bounding Box Debugger/Images_9_57d0865e54538e7747b0.png", "media/images/Bounding Box Debugger/Images_9_40a9b02d25e3b0572bfd.png", "media/images/Bounding Box Debugger/Images_9_cc1c0d5ca4acff0f5a18.png", "media/images/Bounding Box Debugger/Images_9_813ff27ca37e3b65afd2.png", "media/images/Bounding Box Debugger/Images_9_202914b6de0b3c9a5903.png", "media/images/Bounding Box Debugger/Images_9_dabd5d04b8263eff6fd1.png", "media/images/Bounding Box Debugger/Images_9_1a9819c838f188916bc7.png", "media/images/Bounding Box Debugger/Images_9_c9579953c412e193f8df.png", "media/images/Bounding Box Debugger/Images_9_6d131b286572b407e8f1.png", "media/images/Bounding Box Debugger/Images_9_13f1176ec3695042286b.png", "media/images/Bounding Box Debugger/Images_9_9a116cc753eb5f3193b7.png"], "captions": ["IMG_20230722_130446-2.jpg", "IMG_20230722_132427.jpg", "IMG_20230722_130823.jpg", "IMG_20230722_130718.jpg", "IMG_20230722_131143.jpg", "IMG_20230722_140335.jpg", "IMG_20230721_165620.jpg", "IMG_20230722_132548-2.jpg", "IMG_20230722_131533.jpg", "IMG_20230722_131623.jpg", "IMG_20230722_131658.jpg", "IMG_20230722_131909.jpg", "IMG_20230722_132007.jpg", "IMG_20230722_132217.jpg", "IMG_20230722_132439.jpg", "IMG_20230722_131529.jpg"], "all_boxes": [{"predictions": {"_type": "boxes2D", "sha256": "50532d46809e4a3b6270a2e5d7ced0baed9264b6f7018ec3284958ce716ede9e", "size": 3493, "path": "media/metadata/boxes2D/Bounding Box Debugger/Images_9_50532d46809e4a3b6270.boxes2D.json"}}, {"predictions": {"_type": "boxes2D", "sha256": "d3e336a1fdc69301f3abf3c798b834703128aa5868b5187c16af213825e39fac", "size": 2562, "path": "media/metadata/boxes2D/Bounding Box Debugger/Images_9_d3e336a1fdc69301f3ab.boxes2D.json"}}, {"predictions": {"_type": "boxes2D", "sha256": "9e501775b1a75f02605d85aad4c6d528da7ceb3af699d00c405442c127aec338", "size": 989, "path": "media/metadata/boxes2D/Bounding Box Debugger/Images_9_9e501775b1a75f02605d.boxes2D.json"}}, {"predictions": {"_type": "boxes2D", "sha256": "01950e99b7c82ef249c58a4c018ba6ede24ad1b5a62bff5f9c36884942e1de25", "size": 1954, "path": "media/metadata/boxes2D/Bounding Box Debugger/Images_9_01950e99b7c82ef249c5.boxes2D.json"}}, {"predictions": {"_type": "boxes2D", "sha256": "5e1d59ca0c0c46a5b2889402de376991de4bf1d525b63ab91b82f6996ad0f2d2", "size": 609, "path": "media/metadata/boxes2D/Bounding Box Debugger/Images_9_5e1d59ca0c0c46a5b288.boxes2D.json"}}, {"predictions": {"_type": "boxes2D", "sha256": "40ed54f8732ae93883b7bc9668a50cff6123c392a9e255db699b600de23083df", "size": 605, "path": "media/metadata/boxes2D/Bounding Box Debugger/Images_9_40ed54f8732ae93883b7.boxes2D.json"}}, {"predictions": {"_type": "boxes2D", "sha256": "6795768c6417509ba43f101f1d24a7fad807318172de79270368e9212897e68e", "size": 2363, "path": "media/metadata/boxes2D/Bounding Box Debugger/Images_9_6795768c6417509ba43f.boxes2D.json"}}, {"predictions": {"_type": "boxes2D", "sha256": "d20dc177c2a0eeff3d3c887302cb24d5072c7bb55b1dbee5d69ae635062d4b26", "size": 1776, "path": "media/metadata/boxes2D/Bounding Box Debugger/Images_9_d20dc177c2a0eeff3d3c.boxes2D.json"}}, {"predictions": {"_type": "boxes2D", "sha256": "b485c3db553b132cc8753c1b98ab3280b9bb3cfe31bb4f277f176f371a9e7d0a", "size": 607, "path": "media/metadata/boxes2D/Bounding Box Debugger/Images_9_b485c3db553b132cc875.boxes2D.json"}}, {"predictions": {"_type": "boxes2D", "sha256": "10e7bfb1285cf545ac35f705d88a7bb598ce2e8bd6cc2289528200e5d26cb061", "size": 790, "path": "media/metadata/boxes2D/Bounding Box Debugger/Images_9_10e7bfb1285cf545ac35.boxes2D.json"}}, {"predictions": {"_type": "boxes2D", "sha256": "53a70aa37fce409cf17cbeebc7fd39cab059b0e486628e413ce82014af7ab70d", "size": 1169, "path": "media/metadata/boxes2D/Bounding Box Debugger/Images_9_53a70aa37fce409cf17c.boxes2D.json"}}, {"predictions": {"_type": "boxes2D", "sha256": "694bb54f3aa6cfd2829792a30cf13a5bd214fc5738c78d0aa2423c6609b4cf82", "size": 982, "path": "media/metadata/boxes2D/Bounding Box Debugger/Images_9_694bb54f3aa6cfd28297.boxes2D.json"}}, {"predictions": {"_type": "boxes2D", "sha256": "d17d3283af8d4b6e187bde95ef4e7a94a5e90e88de9f161cbd5403c46101bc33", "size": 981, "path": "media/metadata/boxes2D/Bounding Box Debugger/Images_9_d17d3283af8d4b6e187b.boxes2D.json"}}, {"predictions": {"_type": "boxes2D", "sha256": "00f2d5d69cd01e02f316cdc369bfd14bf02016e2b80a7477ec5f8dc10c283548", "size": 983, "path": "media/metadata/boxes2D/Bounding Box Debugger/Images_9_00f2d5d69cd01e02f316.boxes2D.json"}}, {"predictions": {"_type": "boxes2D", "sha256": "a77d2bbc6593d8c61496a8537d470abbebd04fd1342df6a891a9ce4da9da735c", "size": 621, "path": "media/metadata/boxes2D/Bounding Box Debugger/Images_9_a77d2bbc6593d8c61496.boxes2D.json"}}, {"predictions": {"_type": "boxes2D", "sha256": "bff978a51df404bb3a55f8a1fd5873052804b27645bb5722f5056c848194cb3b", "size": 610, "path": "media/metadata/boxes2D/Bounding Box Debugger/Images_9_bff978a51df404bb3a55.boxes2D.json"}}]}}