{"Mosaics": {"_type": "images/separated", "width": 1280, "height": 1280, "format": "jpg", "count": 10, "filenames": ["media/images/Mosaics_0_d1442e90c42fac751a73.jpg", "media/images/Mosaics_0_20d85a6e17593737878f.jpg", "media/images/Mosaics_0_e789e9d14cfe34bd5898.jpg", "media/images/Mosaics_0_1a7df4a019ac17aa26e0.jpg", "media/images/Mosaics_0_71d4165ee3ccbbf67635.jpg", "media/images/Mosaics_0_e51e9f44b677333ffc81.jpg", "media/images/Mosaics_0_57a6930c1d5d82edb1c8.jpg", "media/images/Mosaics_0_55560ecd7e5948d6eabd.jpg", "media/images/Mosaics_0_4725a18cb24aa0dd5f91.jpg", "media/images/Mosaics_0_8e063753b0e38176bd19.jpg"], "captions": ["train_batch8.jpg", "train_batch1.jpg", "train_batch3.jpg", "train_batch5.jpg", "train_batch0.jpg", "train_batch6.jpg", "train_batch9.jpg", "train_batch4.jpg", "train_batch2.jpg", "train_batch7.jpg"]}, "train/box_loss": 0.022332748398184776, "train/obj_loss": 0.00234696501865983, "train/cls_loss": 0.0, "metrics/precision": 0.9642830591983135, "metrics/recall": 0.8999318527567116, "metrics/mAP_0.5": 0.9636846468709742, "metrics/mAP_0.5:0.95": 0.7362630701381032, "val/box_loss": 0.03096538782119751, "val/obj_loss": 0.004905245266854763, "val/cls_loss": 0.0, "x/lr0": 0.004039544160597592, "x/lr1": 0.004039544160597592, "x/lr2": 0.038139544160597595, "_timestamp": 1719434994.3795176, "_runtime": 10023.999940633774, "_step": 44, "Bounding Box Debugger/Images": {"_type": "images/separated", "width": 672, "height": 512, "format": "png", "count": 16, "filenames": ["media/images/Bounding Box Debugger/Images_39_3dfd76bb70f891fae2f7.png", "media/images/Bounding Box Debugger/Images_39_8f00eff7546d43d96725.png", "media/images/Bounding Box Debugger/Images_39_48cf1506e853307760a1.png", "media/images/Bounding Box Debugger/Images_39_3c65069a3afa06345c3c.png", "media/images/Bounding Box Debugger/Images_39_4e3516c3be2756a9c77c.png", "media/images/Bounding Box Debugger/Images_39_57d0865e54538e7747b0.png", "media/images/Bounding Box Debugger/Images_39_40a9b02d25e3b0572bfd.png", "media/images/Bounding Box Debugger/Images_39_cc1c0d5ca4acff0f5a18.png", "media/images/Bounding Box Debugger/Images_39_813ff27ca37e3b65afd2.png", "media/images/Bounding Box Debugger/Images_39_202914b6de0b3c9a5903.png", "media/images/Bounding Box Debugger/Images_39_dabd5d04b8263eff6fd1.png", "media/images/Bounding Box Debugger/Images_39_1a9819c838f188916bc7.png", "media/images/Bounding Box Debugger/Images_39_c9579953c412e193f8df.png", "media/images/Bounding Box Debugger/Images_39_6d131b286572b407e8f1.png", "media/images/Bounding Box Debugger/Images_39_13f1176ec3695042286b.png", "media/images/Bounding Box Debugger/Images_39_9a116cc753eb5f3193b7.png"], "captions": ["IMG_20230722_130446-2.jpg", "IMG_20230722_132427.jpg", "IMG_20230722_130823.jpg", "IMG_20230722_130718.jpg", "IMG_20230722_131143.jpg", "IMG_20230722_140335.jpg", "IMG_20230721_165620.jpg", "IMG_20230722_132548-2.jpg", "IMG_20230722_131533.jpg", "IMG_20230722_131623.jpg", "IMG_20230722_131658.jpg", "IMG_20230722_131909.jpg", "IMG_20230722_132007.jpg", "IMG_20230722_132217.jpg", "IMG_20230722_132439.jpg", "IMG_20230722_131529.jpg"], "all_boxes": [{"predictions": {"_type": "boxes2D", "sha256": "64d3b4e5ee02d7d95b135fc8374f3ee3a0c0a5438b973639e74a1f192720f971", "size": 5309, "path": "media/metadata/boxes2D/Bounding Box Debugger/Images_39_64d3b4e5ee02d7d95b13.boxes2D.json"}}, {"predictions": {"_type": "boxes2D", "sha256": "f6e037287397cac1b7e453c780dd3f37113f89e3d5f5cfe6a287da2821cb6664", "size": 2764, "path": "media/metadata/boxes2D/Bounding Box Debugger/Images_39_f6e037287397cac1b7e4.boxes2D.json"}}, {"predictions": {"_type": "boxes2D", "sha256": "81898ab620ae5e331690733cfe67bfac9d4e81f546bb553116c186341e00b47a", "size": 5766, "path": "media/metadata/boxes2D/Bounding Box Debugger/Images_39_81898ab620ae5e331690.boxes2D.json"}}, {"predictions": {"_type": "boxes2D", "sha256": "4570e5c8a3d8fb44db95bb841f9cd17ec344f2ae0562b8108b14ac82b146cc4d", "size": 806, "path": "media/metadata/boxes2D/Bounding Box Debugger/Images_39_4570e5c8a3d8fb44db95.boxes2D.json"}}, {"predictions": {"_type": "boxes2D", "sha256": "3ca31753b07060a454a5ebc0cfbd196a083871a63ffc6b3f78ff867e26e76666", "size": 814, "path": "media/metadata/boxes2D/Bounding Box Debugger/Images_39_3ca31753b07060a454a5.boxes2D.json"}}, {"predictions": {"_type": "boxes2D", "sha256": "bdf40619c322d7d40382ec70ac9305352166640729ff3e4093d6cea227aaaba7", "size": 240, "path": "media/metadata/boxes2D/Bounding Box Debugger/Images_39_bdf40619c322d7d40382.boxes2D.json"}}, {"predictions": {"_type": "boxes2D", "sha256": "3670bbf69982f3d3fa25d105828e15426c10a7172bbdf526e3f215817576aca5", "size": 1005, "path": "media/metadata/boxes2D/Bounding Box Debugger/Images_39_3670bbf69982f3d3fa25.boxes2D.json"}}, {"predictions": {"_type": "boxes2D", "sha256": "da18169bbe9217e2ef3e0e762e6e879662a69eb4a8096ef49fe91e06598eaa26", "size": 624, "path": "media/metadata/boxes2D/Bounding Box Debugger/Images_39_da18169bbe9217e2ef3e.boxes2D.json"}}, {"predictions": {"_type": "boxes2D", "sha256": "c5627b3d2e04fc63cfd474e0af8b70b1c1109e48305596628bc3558a4bd1673b", "size": 1203, "path": "media/metadata/boxes2D/Bounding Box Debugger/Images_39_c5627b3d2e04fc63cfd4.boxes2D.json"}}, {"predictions": {"_type": "boxes2D", "sha256": "5b4be874b634296c639f5103e35537138732b419a3e7007ffd6756cff808d091", "size": 608, "path": "media/metadata/boxes2D/Bounding Box Debugger/Images_39_5b4be874b634296c639f.boxes2D.json"}}, {"predictions": {"_type": "boxes2D", "sha256": "af50fc0f6a15718e654c424639c8b3c09dfcf0898b12435a6cbc1d337f656763", "size": 809, "path": "media/metadata/boxes2D/Bounding Box Debugger/Images_39_af50fc0f6a15718e654c.boxes2D.json"}}, {"predictions": {"_type": "boxes2D", "sha256": "b78a48e3d8cf78ffb48232769fc311c318081e4f31349fea5c0cb1cf18e52b4f", "size": 429, "path": "media/metadata/boxes2D/Bounding Box Debugger/Images_39_b78a48e3d8cf78ffb482.boxes2D.json"}}, {"predictions": {"_type": "boxes2D", "sha256": "c07d8a26754ac994af9505b9f5df4c7a6d75615d524519825f880bba1e87f2fb", "size": 239, "path": "media/metadata/boxes2D/Bounding Box Debugger/Images_39_c07d8a26754ac994af95.boxes2D.json"}}, {"predictions": {"_type": "boxes2D", "sha256": "0c418d4466d9034b1460ffbd6dee7e13a3044115942c35428d5ac2bcfc926fd9", "size": 1005, "path": "media/metadata/boxes2D/Bounding Box Debugger/Images_39_0c418d4466d9034b1460.boxes2D.json"}}, {"predictions": {"_type": "boxes2D", "sha256": "b5ffe52d86c608ec4547a498dfb9de8f5b83eebb50c8e0b081fb3bac2b3c094f", "size": 240, "path": "media/metadata/boxes2D/Bounding Box Debugger/Images_39_b5ffe52d86c608ec4547.boxes2D.json"}}, {"predictions": {"_type": "boxes2D", "sha256": "3947b107b05bfa68a80a7c9ef9169d60a4432646b32e9dbbb72acd3423b5aab1", "size": 819, "path": "media/metadata/boxes2D/Bounding Box Debugger/Images_39_3947b107b05bfa68a80a.boxes2D.json"}}]}, "Results": {"_type": "images/separated", "width": 2400, "height": 1200, "format": "png", "count": 1, "filenames": ["media/images/Results_44_e2e55d96206489c23f61.png"], "captions": ["results.png"]}, "_wandb": {"runtime": 10023}}