{"Mosaics": {"_type": "images/separated", "width": 1280, "height": 1280, "format": "jpg", "count": 10, "filenames": ["media/images/Mosaics_0_cc3d1ea343ee02a3b2e8.jpg", "media/images/Mosaics_0_7c1995ceb1feb0fcd216.jpg", "media/images/Mosaics_0_1d9e95c2bccc5143941d.jpg", "media/images/Mosaics_0_0b87b2aee326187f343d.jpg", "media/images/Mosaics_0_6fa9c0995351f4cc55d1.jpg", "media/images/Mosaics_0_79556de94717fd4f9f68.jpg", "media/images/Mosaics_0_ce68e39444c21d80b222.jpg", "media/images/Mosaics_0_540824f8ef7f37559a1a.jpg", "media/images/Mosaics_0_b7dcba16dabfeee67d4f.jpg", "media/images/Mosaics_0_497885b074196d742739.jpg"], "captions": ["train_batch8.jpg", "train_batch1.jpg", "train_batch3.jpg", "train_batch5.jpg", "train_batch0.jpg", "train_batch6.jpg", "train_batch9.jpg", "train_batch4.jpg", "train_batch2.jpg", "train_batch7.jpg"]}, "train/box_loss": 0.017781656235456467, "train/obj_loss": 0.008916797116398811, "train/cls_loss": 0.0, "metrics/precision": 0.9364641036325624, "metrics/recall": 0.9826199532866199, "metrics/mAP_0.5": 0.9796202210487923, "metrics/mAP_0.5:0.95": 0.8188587724630091, "val/box_loss": 0.02535834163427353, "val/obj_loss": 0.004028274677693844, "val/cls_loss": 0.0, "x/lr0": 8.221600301576215e-05, "x/lr1": 8.221600301576215e-05, "x/lr2": 0.025182216003015775, "_timestamp": 1720084393.5357177, "_runtime": 9766.8850877285, "_step": 50, "Bounding Box Debugger/Images": {"_type": "images/separated", "width": 1056, "height": 800, "format": "png", "count": 16, "filenames": ["media/images/Bounding Box Debugger/Images_49_98f77eac94f195e0019a.png", "media/images/Bounding Box Debugger/Images_49_33b2962b30b401d18142.png", "media/images/Bounding Box Debugger/Images_49_d5ddd3a2e11f7538f5c1.png", "media/images/Bounding Box Debugger/Images_49_64743f5c6f48b48fc6a9.png", "media/images/Bounding Box Debugger/Images_49_cd15659f098a59577227.png", "media/images/Bounding Box Debugger/Images_49_f99c921beede569df29d.png", "media/images/Bounding Box Debugger/Images_49_16c84e838d9431936b0c.png", "media/images/Bounding Box Debugger/Images_49_1e441ff661d9176658ce.png", "media/images/Bounding Box Debugger/Images_49_40a79d752189b38d560c.png", "media/images/Bounding Box Debugger/Images_49_0cbcfec559bfdf31f922.png", "media/images/Bounding Box Debugger/Images_49_1d5b807a6b894a751516.png", "media/images/Bounding Box Debugger/Images_49_a9718b8f9bb6fd25bb42.png", "media/images/Bounding Box Debugger/Images_49_a588d825b5dcefdaacf5.png", "media/images/Bounding Box Debugger/Images_49_0ec477d501c00b4009f1.png", "media/images/Bounding Box Debugger/Images_49_52e3172b146af2792240.png", "media/images/Bounding Box Debugger/Images_49_7ec9db313ee1418bd656.png"], "captions": ["cafa91ff2e.jpg", "f6d6653c34.jpg", "5c809099cb.jpg", "98a060a91b.jpg", "55c7d28ef9.jpg", "49390ba4ee.jpg", "85c79fc66c.jpg", "1e016b5671.jpg", "5ecd57b252.jpg", "IMG_20230722_131712.jpg", "IMG_20230722_131633.jpg", "IMG_20230722_131235.jpg", "IMG_20230722_131152.jpg", "IMG_20230722_130829.jpg", "IMG_20230722_130825.jpg", "IMG_20230722_130630.jpg"], "all_boxes": [{"predictions": {"_type": "boxes2D", "sha256": "12ec94ca1f7fb13d409f577a2ee594bba1cde81908fccd422887996fe065981e", "size": 1187, "path": "media/metadata/boxes2D/Bounding Box Debugger/Images_49_12ec94ca1f7fb13d409f.boxes2D.json"}}, {"predictions": {"_type": "boxes2D", "sha256": "19075c67cf442ca1742e6f2e104357bfea670a107c27225e3c190dd0cba890fb", "size": 2761, "path": "media/metadata/boxes2D/Bounding Box Debugger/Images_49_19075c67cf442ca1742e.boxes2D.json"}}, {"predictions": {"_type": "boxes2D", "sha256": "aac8438141ed2bfa38e1254cf8e7543815057914483e69b73efb154795a1f207", "size": 2561, "path": "media/metadata/boxes2D/Bounding Box Debugger/Images_49_aac8438141ed2bfa38e1.boxes2D.json"}}, {"predictions": {"_type": "boxes2D", "sha256": "43f4b32e5ec4427dcd7547caa4167f1d6c6eb695fbd518b413253aaadfb90ab2", "size": 1389, "path": "media/metadata/boxes2D/Bounding Box Debugger/Images_49_43f4b32e5ec4427dcd75.boxes2D.json"}}, {"predictions": {"_type": "boxes2D", "sha256": "b0deb94026f7c8cf5f8ce06055a3f051f48a496e1514cdbdc47175de1fc26d78", "size": 1767, "path": "media/metadata/boxes2D/Bounding Box Debugger/Images_49_b0deb94026f7c8cf5f8c.boxes2D.json"}}, {"predictions": {"_type": "boxes2D", "sha256": "b1534941077943073e24c3a7c994bf2554ffdcf472c40a3a9528f9843b09d5cf", "size": 3496, "path": "media/metadata/boxes2D/Bounding Box Debugger/Images_49_b1534941077943073e24.boxes2D.json"}}, {"predictions": {"_type": "boxes2D", "sha256": "eada5446c1d98af821f2539926c8206ad622cec66717dfcca120d8c346ac09f6", "size": 1002, "path": "media/metadata/boxes2D/Bounding Box Debugger/Images_49_eada5446c1d98af821f2.boxes2D.json"}}, {"predictions": {"_type": "boxes2D", "sha256": "be1f816344afa5021a440bc28a81fbe63cf4f99db195edae6495cc4640ad406b", "size": 1204, "path": "media/metadata/boxes2D/Bounding Box Debugger/Images_49_be1f816344afa5021a44.boxes2D.json"}}, {"predictions": {"_type": "boxes2D", "sha256": "aebaec7b3291106e80f2bd2548af8f4641e60a8a2b94d56e6b3fac63f2e9c224", "size": 612, "path": "media/metadata/boxes2D/Bounding Box Debugger/Images_49_aebaec7b3291106e80f2.boxes2D.json"}}, {"predictions": {"_type": "boxes2D", "sha256": "bd1aa3a032e84cf24210e191a4c464c1404dbe102ff09d3cf9d11df8aa83a9ad", "size": 813, "path": "media/metadata/boxes2D/Bounding Box Debugger/Images_49_bd1aa3a032e84cf24210.boxes2D.json"}}, {"predictions": {"_type": "boxes2D", "sha256": "ac7e5cc2a407f669709a861749fb5a30870f128b60af40877b11a7cd957f006a", "size": 618, "path": "media/metadata/boxes2D/Bounding Box Debugger/Images_49_ac7e5cc2a407f669709a.boxes2D.json"}}, {"predictions": {"_type": "boxes2D", "sha256": "85af95d09fc7e4405f2f4c23ae2a0063dc63f77a83bffc61717b8e320a9bb9c1", "size": 618, "path": "media/metadata/boxes2D/Bounding Box Debugger/Images_49_85af95d09fc7e4405f2f.boxes2D.json"}}, {"predictions": {"_type": "boxes2D", "sha256": "fdf4417e740bec0daec5f1a32aacad89380bec2ac2e76dd9795403b27b0ef107", "size": 419, "path": "media/metadata/boxes2D/Bounding Box Debugger/Images_49_fdf4417e740bec0daec5.boxes2D.json"}}, {"predictions": {"_type": "boxes2D", "sha256": "331b4f005aadd81da57b1e5076825ee71e2ec5ded161e7c1b2149b757b59aef5", "size": 423, "path": "media/metadata/boxes2D/Bounding Box Debugger/Images_49_331b4f005aadd81da57b.boxes2D.json"}}, {"predictions": {"_type": "boxes2D", "sha256": "4dd8c48175b0d26df4d12698bb1d2a1a33b0b34f3ade712333c359d184f92a31", "size": 427, "path": "media/metadata/boxes2D/Bounding Box Debugger/Images_49_4dd8c48175b0d26df4d1.boxes2D.json"}}, {"predictions": {"_type": "boxes2D", "sha256": "7ffe738e677635683cbdabc49e3d3d3c2bf830c349c1fbcf1e84162aec874b10", "size": 1016, "path": "media/metadata/boxes2D/Bounding Box Debugger/Images_49_7ffe738e677635683cbd.boxes2D.json"}}]}, "Validation": {"_type": "images/separated", "width": 1280, "height": 970, "format": "jpg", "count": 4, "filenames": ["media/images/Validation_49_a5da341f4baca096d558.jpg", "media/images/Validation_49_980f1522c63c975b6c05.jpg", "media/images/Validation_49_b33c4d863e3185e0d559.jpg", "media/images/Validation_49_b33c4d863e3185e0d559.jpg"], "captions": ["test_batch0_labels.jpg", "test_batch0_pred.jpg", "test_batch1_labels.jpg", "test_batch1_pred.jpg"]}, "Results": {"_type": "images/separated", "width": 2400, "height": 1200, "format": "png", "count": 6, "filenames": ["media/images/Results_50_83a051c62748310ea474.png", "media/images/Results_50_9d64feb5568b5960dcd2.png", "media/images/Results_50_0949c595c5aee44c1804.png", "media/images/Results_50_f18c0723387ebd2fa988.png", "media/images/Results_50_103aac429a962bb77943.png", "media/images/Results_50_713317465d66609633ad.png"], "captions": ["results.png", "confusion_matrix.png", "F1_curve.png", "PR_curve.png", "P_curve.png", "R_curve.png"]}, "_wandb": {"runtime": 8947}}