{"Mosaics": {"_type": "images/separated", "width": 1280, "height": 1280, "format": "jpg", "count": 10, "filenames": ["media/images/Mosaics_0_b0c950a4911a6c3ba530.jpg", "media/images/Mosaics_0_c8bad05b930a3b2c2666.jpg", "media/images/Mosaics_0_de899f92f5ddef218071.jpg", "media/images/Mosaics_0_447e87af53d0cbaa3804.jpg", "media/images/Mosaics_0_e9c972999460e14c1663.jpg", "media/images/Mosaics_0_4748d9784e01b4ec30e0.jpg", "media/images/Mosaics_0_479eb212adf835f7a994.jpg", "media/images/Mosaics_0_fb36cfc6b6e4b17939c7.jpg", "media/images/Mosaics_0_595e53a41717adfe37d9.jpg", "media/images/Mosaics_0_1b4cdaba8d607003086c.jpg"], "captions": ["train_batch8.jpg", "train_batch1.jpg", "train_batch3.jpg", "train_batch5.jpg", "train_batch0.jpg", "train_batch6.jpg", "train_batch9.jpg", "train_batch4.jpg", "train_batch2.jpg", "train_batch7.jpg"]}, "train/box_loss": 0.02314494550228119, "train/obj_loss": 0.006542942952364683, "train/cls_loss": 0.0, "metrics/precision": 0.8359481584467453, "metrics/recall": 0.8492837665251458, "metrics/mAP_0.5": 0.8778753251503452, "metrics/mAP_0.5:0.95": 0.6707751361105573, "val/box_loss": 0.012707998976111412, "val/obj_loss": 0.004271149169653654, "val/cls_loss": 0.0, "x/lr0": 0.0033260194625137564, "x/lr1": 0.0033260194625137564, "x/lr2": 0.06442601946251375, "_timestamp": 1719500320.167437, "_runtime": 6443.524147033691, "_step": 26, "Bounding Box Debugger/Images": {"_type": "images/separated", "width": 1568, "height": 1184, "format": "png", "count": 16, "filenames": ["media/images/Bounding Box Debugger/Images_19_642d1998e414d0c41bb8.png", "media/images/Bounding Box Debugger/Images_19_37649aa667da129a2606.png", "media/images/Bounding Box Debugger/Images_19_6dbd7a0d64bf936867bf.png", "media/images/Bounding Box Debugger/Images_19_d9bff57b7128498930c0.png", "media/images/Bounding Box Debugger/Images_19_f483cc5feb3e3ffc874f.png", "media/images/Bounding Box Debugger/Images_19_9a1f8f2a5cfa527e10a1.png", "media/images/Bounding Box Debugger/Images_19_336aa226c6c3dd61d203.png", "media/images/Bounding Box Debugger/Images_19_820ab6797d0877acbd2f.png", "media/images/Bounding Box Debugger/Images_19_80b0cc59cc8bd7d6cdc4.png", "media/images/Bounding Box Debugger/Images_19_e7477ec50279f290d7c4.png", "media/images/Bounding Box Debugger/Images_19_5187e0b38077c10be918.png", "media/images/Bounding Box Debugger/Images_19_2a0f84f0df607ba0ba62.png", "media/images/Bounding Box Debugger/Images_19_37d7fcb965487c10eaa8.png", "media/images/Bounding Box Debugger/Images_19_726c0fef728ff812d6aa.png", "media/images/Bounding Box Debugger/Images_19_89cc0c6036ade039d6f2.png", "media/images/Bounding Box Debugger/Images_19_60488bdc2c5c24a2fc28.png"], "captions": ["IMG_20230722_130446-2.jpg", "IMG_20230722_132427.jpg", "IMG_20230722_130823.jpg", "IMG_20230722_130718.jpg", "IMG_20230722_131143.jpg", "IMG_20230722_140335.jpg", "IMG_20230721_165620.jpg", "IMG_20230722_132548-2.jpg", "IMG_20230722_131533.jpg", "IMG_20230722_131623.jpg", "IMG_20230722_131658.jpg", "IMG_20230722_131909.jpg", "IMG_20230722_132007.jpg", "IMG_20230722_132217.jpg", "IMG_20230722_132439.jpg", "IMG_20230722_131529.jpg"], "all_boxes": [{"predictions": {"_type": "boxes2D", "sha256": "dac3b32913ef625a60dbcfc58a9873239383736e85ed797cb334a7dadfb00a5b", "size": 1576, "path": "media/metadata/boxes2D/Bounding Box Debugger/Images_19_dac3b32913ef625a60db.boxes2D.json"}}, {"predictions": {"_type": "boxes2D", "sha256": "053cea2371fc6eca325e1989808f73be8fd2a8769fdb4df66ee8b5d14935e746", "size": 442, "path": "media/metadata/boxes2D/Bounding Box Debugger/Images_19_053cea2371fc6eca325e.boxes2D.json"}}, {"predictions": {"_type": "boxes2D", "sha256": "d58d736989617485a6c430a9f8ab88707452893ce344d29fcf1cf2b29dabe762", "size": 1182, "path": "media/metadata/boxes2D/Bounding Box Debugger/Images_19_d58d736989617485a6c4.boxes2D.json"}}, {"predictions": {"_type": "boxes2D", "sha256": "c67cf8330e7d2d2fdcfd8c45f2dcfc297aa9182b48bfcda4dc48d8bb43657401", "size": 816, "path": "media/metadata/boxes2D/Bounding Box Debugger/Images_19_c67cf8330e7d2d2fdcfd.boxes2D.json"}}, {"predictions": {"_type": "boxes2D", "sha256": "70e408d2296295d62638786db91d08aa08a5f8d6e07f899091bc297367092b0b", "size": 1388, "path": "media/metadata/boxes2D/Bounding Box Debugger/Images_19_70e408d2296295d62638.boxes2D.json"}}, {"predictions": {"_type": "boxes2D", "sha256": "b06b2e8287191fd64112857431f8b655dfc18d26bbe13cd158e16109b5546d2d", "size": 1578, "path": "media/metadata/boxes2D/Bounding Box Debugger/Images_19_b06b2e8287191fd64112.boxes2D.json"}}, {"predictions": {"_type": "boxes2D", "sha256": "30ec73a67cd377054ceaa336ce1bbd143a46edda8c4ba12e1355920a5c893a7d", "size": 997, "path": "media/metadata/boxes2D/Bounding Box Debugger/Images_19_30ec73a67cd377054cea.boxes2D.json"}}, {"predictions": {"_type": "boxes2D", "sha256": "629d2b46c0acd650cb315c655af70321a628324b84c5ae73cf8955374edf9cbc", "size": 1989, "path": "media/metadata/boxes2D/Bounding Box Debugger/Images_19_629d2b46c0acd650cb31.boxes2D.json"}}, {"predictions": {"_type": "boxes2D", "sha256": "8d0519243594e4236890d4931d9953d7e9af00e3f8fd37619851179161113980", "size": 1561, "path": "media/metadata/boxes2D/Bounding Box Debugger/Images_19_8d0519243594e4236890.boxes2D.json"}}, {"predictions": {"_type": "boxes2D", "sha256": "5eba43f032fb6869a1d654ae81c0b3165dc958ccc29311f50cf91f438e929a95", "size": 1198, "path": "media/metadata/boxes2D/Bounding Box Debugger/Images_19_5eba43f032fb6869a1d6.boxes2D.json"}}, {"predictions": {"_type": "boxes2D", "sha256": "2487228527cdb51f039f423008ad957dcb743017ab474d8ae18ef5e240469ddb", "size": 1761, "path": "media/metadata/boxes2D/Bounding Box Debugger/Images_19_2487228527cdb51f039f.boxes2D.json"}}, {"predictions": {"_type": "boxes2D", "sha256": "16248ae0fce4e630f75efb8f1cb0b07dd599d0e07aa669743cd8016d3944ab97", "size": 999, "path": "media/metadata/boxes2D/Bounding Box Debugger/Images_19_16248ae0fce4e630f75e.boxes2D.json"}}, {"predictions": {"_type": "boxes2D", "sha256": "d7fdd758f1092c3f03adc4b18299a4466443cecbc7be42d651f29ba92307c31d", "size": 1010, "path": "media/metadata/boxes2D/Bounding Box Debugger/Images_19_d7fdd758f1092c3f03ad.boxes2D.json"}}, {"predictions": {"_type": "boxes2D", "sha256": "3e1ebff8983634f4fe413fd7b62df7341dec69201292ca699b043a24fbae2dfb", "size": 994, "path": "media/metadata/boxes2D/Bounding Box Debugger/Images_19_3e1ebff8983634f4fe41.boxes2D.json"}}, {"predictions": {"_type": "boxes2D", "sha256": "4702c21abe7f2e32b841ab49916505faf42f598369e2fa283ddb099a1961c297", "size": 428, "path": "media/metadata/boxes2D/Bounding Box Debugger/Images_19_4702c21abe7f2e32b841.boxes2D.json"}}, {"predictions": {"_type": "boxes2D", "sha256": "0b53112931c398bdd87305e111606e2fbf14f372b3c463ef379856b58547effb", "size": 1000, "path": "media/metadata/boxes2D/Bounding Box Debugger/Images_19_0b53112931c398bdd873.boxes2D.json"}}]}, "Results": {"_type": "images/separated", "width": 2400, "height": 1200, "format": "png", "count": 1, "filenames": ["media/images/Results_26_ddf3d34f7c4453731e9d.png"], "captions": ["results.png"]}, "_wandb": {"runtime": 6442}}