{"Mosaics": {"_type": "images/separated", "width": 1280, "height": 1280, "format": "jpg", "count": 10, "filenames": ["media/images/Mosaics_0_37e7be2a24ea7b7f166f.jpg", "media/images/Mosaics_0_8ed23d3fb647b691f930.jpg", "media/images/Mosaics_0_d6ba7dbe356bfa0dc2d7.jpg", "media/images/Mosaics_0_5d5701a22209a5e89930.jpg", "media/images/Mosaics_0_d6e8422e8c3882b503ae.jpg", "media/images/Mosaics_0_f66c8b0735bd492b0c3e.jpg", "media/images/Mosaics_0_688f8d761c95d0a4a0f2.jpg", "media/images/Mosaics_0_87553589306044708361.jpg", "media/images/Mosaics_0_44f595b47ea34f686aef.jpg", "media/images/Mosaics_0_054f012a488af5bb4488.jpg"], "captions": ["train_batch8.jpg", "train_batch1.jpg", "train_batch3.jpg", "train_batch5.jpg", "train_batch0.jpg", "train_batch6.jpg", "train_batch9.jpg", "train_batch4.jpg", "train_batch2.jpg", "train_batch7.jpg"]}, "train/box_loss": 0.012777098454535007, "train/obj_loss": 0.0033849687315523624, "train/cls_loss": 0.0, "metrics/precision": 0.7853943815313438, "metrics/recall": 0.8666666666666667, "metrics/mAP_0.5": 0.9034114979477325, "metrics/mAP_0.5:0.95": 0.5765749429130861, "val/box_loss": 0.01670549064874649, "val/obj_loss": 0.0037630635779350996, "val/cls_loss": 0.0, "x/lr0": 0.0033260194625137564, "x/lr1": 0.0033260194625137564, "x/lr2": 0.06442601946251375, "_timestamp": 1719493345.4815278, "_runtime": 6758.877485752106, "_step": 26, "Bounding Box Debugger/Images": {"_type": "images/separated", "width": 2080, "height": 1568, "format": "png", "count": 16, "filenames": ["media/images/Bounding Box Debugger/Images_19_687196028a946b7c6795.png", "media/images/Bounding Box Debugger/Images_19_179d33b17bc10e23a143.png", "media/images/Bounding Box Debugger/Images_19_4836a756a8a0db485709.png", "media/images/Bounding Box Debugger/Images_19_9b2107507b110deea476.png", "media/images/Bounding Box Debugger/Images_19_ebed77718ad31e068477.png", "media/images/Bounding Box Debugger/Images_19_4097bac46edc9723359b.png", "media/images/Bounding Box Debugger/Images_19_c4ca8dabd4c2e48a381e.png", "media/images/Bounding Box Debugger/Images_19_4195aef5c71d45245f69.png", "media/images/Bounding Box Debugger/Images_19_e78f310deceac3771d65.png", "media/images/Bounding Box Debugger/Images_19_7bff3407ef03fd9cd174.png", "media/images/Bounding Box Debugger/Images_19_aeaf1aa0edc9d8775f00.png", "media/images/Bounding Box Debugger/Images_19_1bb92773d4bd20e9192e.png", "media/images/Bounding Box Debugger/Images_19_ee8e58467ccd7f5e3fa7.png", "media/images/Bounding Box Debugger/Images_19_09739fc02110979874b8.png", "media/images/Bounding Box Debugger/Images_19_d9435ae0479b5fc1a637.png", "media/images/Bounding Box Debugger/Images_19_e9884e392564692ac63f.png"], "captions": ["IMG_20230722_130446-2.jpg", "IMG_20230722_132427.jpg", "IMG_20230722_130823.jpg", "IMG_20230722_130718.jpg", "IMG_20230722_131143.jpg", "IMG_20230722_140335.jpg", "IMG_20230721_165620.jpg", "IMG_20230722_132548-2.jpg", "IMG_20230722_131533.jpg", "IMG_20230722_131623.jpg", "IMG_20230722_131658.jpg", "IMG_20230722_131909.jpg", "IMG_20230722_132007.jpg", "IMG_20230722_132217.jpg", "IMG_20230722_132439.jpg", "IMG_20230722_131529.jpg"], "all_boxes": [{"predictions": {"_type": "boxes2D", "sha256": "ecd69a646a2d1ea578faba6c2a36c94d37695dedb732cfd544a0abfd3ee1a017", "size": 1754, "path": "media/metadata/boxes2D/Bounding Box Debugger/Images_19_ecd69a646a2d1ea578fa.boxes2D.json"}}, {"predictions": {"_type": "boxes2D", "sha256": "30fbff5668069393dc33cdf39d94a2971a956affab4dc99cf588bfa3b9e69a97", "size": 439, "path": "media/metadata/boxes2D/Bounding Box Debugger/Images_19_30fbff5668069393dc33.boxes2D.json"}}, {"predictions": {"_type": "boxes2D", "sha256": "787f8e6498a5487d2b21d3785dbc1ea93f8fa052bd895b2c0661a7169474b2b5", "size": 1387, "path": "media/metadata/boxes2D/Bounding Box Debugger/Images_19_787f8e6498a5487d2b21.boxes2D.json"}}, {"predictions": {"_type": "boxes2D", "sha256": "294bf37c0348292b69c4605d4ef2be124b36a8f1a5aa46370a28530a45c145b7", "size": 1386, "path": "media/metadata/boxes2D/Bounding Box Debugger/Images_19_294bf37c0348292b69c4.boxes2D.json"}}, {"predictions": {"_type": "boxes2D", "sha256": "40313d398d3531a57f7859f5b03609246278a5057c802439e4d434b5c6f33f7c", "size": 1586, "path": "media/metadata/boxes2D/Bounding Box Debugger/Images_19_40313d398d3531a57f78.boxes2D.json"}}, {"predictions": {"_type": "boxes2D", "sha256": "45b53390df93bd69299ac39b807f269ec63754c5457eca0d70ccc43b6929d2fb", "size": 1204, "path": "media/metadata/boxes2D/Bounding Box Debugger/Images_19_45b53390df93bd69299a.boxes2D.json"}}, {"predictions": {"_type": "boxes2D", "sha256": "9ac635b6337f9efe3264bd988a39664387629dcb1a4f6238e02450a634fb1400", "size": 1390, "path": "media/metadata/boxes2D/Bounding Box Debugger/Images_19_9ac635b6337f9efe3264.boxes2D.json"}}, {"predictions": {"_type": "boxes2D", "sha256": "581c2de0d69e63d83ddf85f9914500035f041f10559a38ec82cb47ec3d147a75", "size": 1774, "path": "media/metadata/boxes2D/Bounding Box Debugger/Images_19_581c2de0d69e63d83ddf.boxes2D.json"}}, {"predictions": {"_type": "boxes2D", "sha256": "e886895a0fc71d76c735478e6c9a7e0e8d533822a3b8b1fac15ce3732e753f1a", "size": 1584, "path": "media/metadata/boxes2D/Bounding Box Debugger/Images_19_e886895a0fc71d76c735.boxes2D.json"}}, {"predictions": {"_type": "boxes2D", "sha256": "020ec1dc9640f7452364ffbb8f7268b85c06b9cddde510c7fa447b64a41793f9", "size": 1187, "path": "media/metadata/boxes2D/Bounding Box Debugger/Images_19_020ec1dc9640f7452364.boxes2D.json"}}, {"predictions": {"_type": "boxes2D", "sha256": "3128305bdb3657ea216aee9c92ddc2f2d3897f8cd98845ee9f035b58d32317fb", "size": 990, "path": "media/metadata/boxes2D/Bounding Box Debugger/Images_19_3128305bdb3657ea216a.boxes2D.json"}}, {"predictions": {"_type": "boxes2D", "sha256": "2f7203a76dadfeacf4034d4811a78b136ea0ad15a6a6c7ddc03d57a802a3936f", "size": 631, "path": "media/metadata/boxes2D/Bounding Box Debugger/Images_19_2f7203a76dadfeacf403.boxes2D.json"}}, {"predictions": {"_type": "boxes2D", "sha256": "6199d388e8365a40ddb8bb81fa8aea2aff1244b1874999c6bc20c9907f3a7013", "size": 620, "path": "media/metadata/boxes2D/Bounding Box Debugger/Images_19_6199d388e8365a40ddb8.boxes2D.json"}}, {"predictions": {"_type": "boxes2D", "sha256": "d4924344423e181447071a869e64c030213db965414fe6aecd47fe4ef7a6d3b9", "size": 1192, "path": "media/metadata/boxes2D/Bounding Box Debugger/Images_19_d4924344423e18144707.boxes2D.json"}}, {"predictions": {"_type": "boxes2D", "sha256": "76e9014650ff5ecb80be1893b067084237274bca394a87fb6a8c3303544fe362", "size": 241, "path": "media/metadata/boxes2D/Bounding Box Debugger/Images_19_76e9014650ff5ecb80be.boxes2D.json"}}, {"predictions": {"_type": "boxes2D", "sha256": "924bd0e86d2fd2b727bb04b287e4c09c738357750e52cd02ad22de937930b5f7", "size": 2159, "path": "media/metadata/boxes2D/Bounding Box Debugger/Images_19_924bd0e86d2fd2b727bb.boxes2D.json"}}]}, "Results": {"_type": "images/separated", "width": 2400, "height": 1200, "format": "png", "count": 1, "filenames": ["media/images/Results_26_abe763aa2989955cfe41.png"], "captions": ["results.png"]}, "_wandb": {"runtime": 6758}}