{"Mosaics": {"_type": "images/separated", "width": 1280, "height": 1280, "format": "jpg", "count": 10, "filenames": ["media/images/Mosaics_0_37e7be2a24ea7b7f166f.jpg", "media/images/Mosaics_0_8ed23d3fb647b691f930.jpg", "media/images/Mosaics_0_d6ba7dbe356bfa0dc2d7.jpg", "media/images/Mosaics_0_5d5701a22209a5e89930.jpg", "media/images/Mosaics_0_d6e8422e8c3882b503ae.jpg", "media/images/Mosaics_0_f66c8b0735bd492b0c3e.jpg", "media/images/Mosaics_0_688f8d761c95d0a4a0f2.jpg", "media/images/Mosaics_0_87553589306044708361.jpg", "media/images/Mosaics_0_44f595b47ea34f686aef.jpg", "media/images/Mosaics_0_054f012a488af5bb4488.jpg"], "captions": ["train_batch8.jpg", "train_batch1.jpg", "train_batch3.jpg", "train_batch5.jpg", "train_batch0.jpg", "train_batch6.jpg", "train_batch9.jpg", "train_batch4.jpg", "train_batch2.jpg", "train_batch7.jpg"]}, "train/box_loss": 0.014437488280236721, "train/obj_loss": 0.008047315292060375, "train/cls_loss": 0.0, "metrics/precision": 0.17890275322707755, "metrics/recall": 0.8833333333333333, "metrics/mAP_0.5": 0.1868332463650386, "metrics/mAP_0.5:0.95": 0.09783082666995076, "val/box_loss": 0.01517932303249836, "val/obj_loss": 0.006531408987939358, "val/cls_loss": 0.0, "x/lr0": 0.0002899291667405008, "x/lr1": 0.0002899291667405008, "x/lr2": 0.09738992916674051, "_timestamp": 1719487226.845738, "_runtime": 640.2416958808899, "_step": 1}