{"Mosaics": {"_type": "images/separated", "width": 1280, "height": 1280, "format": "jpg", "count": 10, "filenames": ["media/images/Mosaics_0_4372b474e235390992c1.jpg", "media/images/Mosaics_0_7a3ce5fbe89cbab3a4a1.jpg", "media/images/Mosaics_0_661bf40f32ed32d90c1f.jpg", "media/images/Mosaics_0_e17d6325c21fc13a7c45.jpg", "media/images/Mosaics_0_683a5cc7945e42d8188c.jpg", "media/images/Mosaics_0_23ed1397792325e2db67.jpg", "media/images/Mosaics_0_ae50536a9f6eae136b40.jpg", "media/images/Mosaics_0_a7fd7f84b1834b1cc976.jpg", "media/images/Mosaics_0_f9616d83746340bc7f72.jpg", "media/images/Mosaics_0_b86535cd0d90d01808d0.jpg"], "captions": ["train_batch8.jpg", "train_batch1.jpg", "train_batch3.jpg", "train_batch5.jpg", "train_batch0.jpg", "train_batch6.jpg", "train_batch9.jpg", "train_batch4.jpg", "train_batch2.jpg", "train_batch7.jpg"]}, "train/box_loss": 0.02129531465470791, "train/obj_loss": 0.0037903152406215668, "train/cls_loss": 0.004059333819895983, "metrics/precision": 0.9949790861946195, "metrics/recall": 0.9872916886592187, "metrics/mAP_0.5": 0.9955930733853051, "metrics/mAP_0.5:0.95": 0.8581737858331249, "val/box_loss": 0.022251660004258156, "val/obj_loss": 0.03445303812623024, "val/cls_loss": 0.002469178754836321, "x/lr0": 0.0015498214331265902, "x/lr1": 0.0015498214331265902, "x/lr2": 0.0015498214331265902, "_timestamp": 1721673187.129874, "_runtime": 371954.1812880039, "_step": 76, "Bounding Box Debugger/Images": {"_type": "images/separated", "width": 672, "height": 416, "format": "png", "count": 16, "filenames": ["media/images/Bounding Box Debugger/Images_69_8aa56548f6bb7720cfc7.png", "media/images/Bounding Box Debugger/Images_69_88b2ee2f54b6313c96a0.png", "media/images/Bounding Box Debugger/Images_69_635e6175ad45ae070eed.png", "media/images/Bounding Box Debugger/Images_69_ab694e93bd35a992e9d8.png", "media/images/Bounding Box Debugger/Images_69_53134c37f92dbcaa769a.png", "media/images/Bounding Box Debugger/Images_69_913f02f20501be370cc5.png", "media/images/Bounding Box Debugger/Images_69_d4dde66776aeb94ace15.png", "media/images/Bounding Box Debugger/Images_69_c7147e55862d4f95b8f5.png", "media/images/Bounding Box Debugger/Images_69_93286593acb4354d03b8.png", "media/images/Bounding Box Debugger/Images_69_6801d8059dbb32ea26e1.png", "media/images/Bounding Box Debugger/Images_69_4b9e5abcaaee0f8f4252.png", "media/images/Bounding Box Debugger/Images_69_7f77cdee31954d0bb2ad.png", "media/images/Bounding Box Debugger/Images_69_38dec136dab80ac432e3.png", "media/images/Bounding Box Debugger/Images_69_44d08290990f0a0189b2.png", "media/images/Bounding Box Debugger/Images_69_a584cc60c3f520b3c94a.png", "media/images/Bounding Box Debugger/Images_69_b6ad47d5424225bb4114.png"], "captions": ["676f53dc-2d65-411b-9b49-8d71727afa0b.jpg", "8610699f-0bd8-412b-8e51-f09d9ab0d08a.jpg", "1185c91c-8b4b-44b2-b2ef-41714b0019ee.jpg", "760a158c-95dd-454b-b737-aaad3fb53b76.jpg", "8c0282fa-65fd-47fa-b94b-cfdbf2946d16.jpg", "b91d2fb9-3079-432d-9eb6-23b50f1e1e8a.jpg", "583e8ed6-f8c2-4152-a35e-ba21d4eded41.jpg", "70685370-27a1-4067-81ec-6ad1ce61c248.jpg", "1c6983d2-a604-4e08-8de1-e55f238fcd93.jpg", "b950a9ba-812a-4f75-86e7-283986442344.jpg", "1da28d20-52bb-4df3-a677-1d76cd8fe3e5.jpg", "ad384d5e-165d-41ee-810f-f3f23c4e2767.jpg", "3c9922bc-082e-481e-a473-f121e31fb38f.jpg", "0c6d49d7-6b8a-4780-990c-778575c013d0.jpg", "89b388b9-7f81-45a3-bdda-8e781e739daf.jpg", "7aeff42c-cdad-4ff3-bfc7-42442b221f1a.jpg"], "all_boxes": [{"predictions": {"_type": "boxes2D", "sha256": "3f6b04ef3a2579f73590c48bdaa3c57da6251f04206ec54e16fb6c021dd1d3e3", "size": 848, "path": "media/metadata/boxes2D/Bounding Box Debugger/Images_69_3f6b04ef3a2579f73590.boxes2D.json"}}, {"predictions": {"_type": "boxes2D", "sha256": "f628d5b464947f6bbc6c8d486f5bf7c8981b29a2a9d18c043646171b02db9861", "size": 281, "path": "media/metadata/boxes2D/Bounding Box Debugger/Images_69_f628d5b464947f6bbc6c.boxes2D.json"}}, {"predictions": {"_type": "boxes2D", "sha256": "ff24dd502c6781fe4a6c47bdbdc3671f4da303d2cb0e48ab31350d7815a18bfa", "size": 284, "path": "media/metadata/boxes2D/Bounding Box Debugger/Images_69_ff24dd502c6781fe4a6c.boxes2D.json"}}, {"predictions": {"_type": "boxes2D", "sha256": "001d39b155e7122a84ac15d119c3dd2f29604e5144f1a1519a538cff04b2d066", "size": 278, "path": "media/metadata/boxes2D/Bounding Box Debugger/Images_69_001d39b155e7122a84ac.boxes2D.json"}}, {"predictions": {"_type": "boxes2D", "sha256": "b377c5142af428c4578adaa8273db42ceb0128a5fc31f6f1406474d38ba7a043", "size": 470, "path": "media/metadata/boxes2D/Bounding Box Debugger/Images_69_b377c5142af428c4578a.boxes2D.json"}}, {"predictions": {"_type": "boxes2D", "sha256": "df05a4a3ae15fdc38ca61a00d946e1e57ce705d6cddb4c7251ee9145e0c4bc98", "size": 1420, "path": "media/metadata/boxes2D/Bounding Box Debugger/Images_69_df05a4a3ae15fdc38ca6.boxes2D.json"}}, {"predictions": {"_type": "boxes2D", "sha256": "f41e59162153da0935cb36916462cd80be164dbc88469cda83b1e7cdaab67d2f", "size": 279, "path": "media/metadata/boxes2D/Bounding Box Debugger/Images_69_f41e59162153da0935cb.boxes2D.json"}}, {"predictions": {"_type": "boxes2D", "sha256": "9cef9007ef58645de95c0a41ff3299056512e48a84f23eb4b40007b70caed5bc", "size": 851, "path": "media/metadata/boxes2D/Bounding Box Debugger/Images_69_9cef9007ef58645de95c.boxes2D.json"}}, {"predictions": {"_type": "boxes2D", "sha256": "f638178c078ba12140ba43efca9bcef6bf35cedec7dc8cdfbd86cdb40fc04a6e", "size": 1036, "path": "media/metadata/boxes2D/Bounding Box Debugger/Images_69_f638178c078ba12140ba.boxes2D.json"}}, {"predictions": {"_type": "boxes2D", "sha256": "1bf3e919eabe86e0ffa17ae15f386e745cc1cc3103c401026638997386003b57", "size": 467, "path": "media/metadata/boxes2D/Bounding Box Debugger/Images_69_1bf3e919eabe86e0ffa1.boxes2D.json"}}, {"predictions": {"_type": "boxes2D", "sha256": "3ec801afd22b802e30df94157827d75dfd0b45ba4ed0ad06501e61363d7e3d9c", "size": 1240, "path": "media/metadata/boxes2D/Bounding Box Debugger/Images_69_3ec801afd22b802e30df.boxes2D.json"}}, {"predictions": {"_type": "boxes2D", "sha256": "3e09d54587965cf9f48e405648b073422b4ac5a0ab87aeb58644124ee2fc66a7", "size": 278, "path": "media/metadata/boxes2D/Bounding Box Debugger/Images_69_3e09d54587965cf9f48e.boxes2D.json"}}, {"predictions": {"_type": "boxes2D", "sha256": "291f994f8c9c76ea4b4799cd811354d26937e4019cecc5bfcecd1d6051ac03d0", "size": 658, "path": "media/metadata/boxes2D/Bounding Box Debugger/Images_69_291f994f8c9c76ea4b47.boxes2D.json"}}, {"predictions": {"_type": "boxes2D", "sha256": "17e15125aa1f9dc40f471640f85833d4e103cad9165639f52e8ef072b08253c0", "size": 851, "path": "media/metadata/boxes2D/Bounding Box Debugger/Images_69_17e15125aa1f9dc40f47.boxes2D.json"}}, {"predictions": {"_type": "boxes2D", "sha256": "fe8ca5249d991c42b8198080c67c2ff99dc574877bd6a3c87f213c43827198fb", "size": 473, "path": "media/metadata/boxes2D/Bounding Box Debugger/Images_69_fe8ca5249d991c42b819.boxes2D.json"}}, {"predictions": {"_type": "boxes2D", "sha256": "48571d0465cfb03aa34792273c3eca8e38867e477ed80d66ae9ec7941a0f321c", "size": 648, "path": "media/metadata/boxes2D/Bounding Box Debugger/Images_69_48571d0465cfb03aa347.boxes2D.json"}}]}}