{"Mosaics": {"_type": "images/separated", "width": 1280, "height": 1280, "format": "jpg", "count": 10, "filenames": ["media/images/Mosaics_0_4372b474e235390992c1.jpg", "media/images/Mosaics_0_7a3ce5fbe89cbab3a4a1.jpg", "media/images/Mosaics_0_661bf40f32ed32d90c1f.jpg", "media/images/Mosaics_0_e17d6325c21fc13a7c45.jpg", "media/images/Mosaics_0_683a5cc7945e42d8188c.jpg", "media/images/Mosaics_0_23ed1397792325e2db67.jpg", "media/images/Mosaics_0_ae50536a9f6eae136b40.jpg", "media/images/Mosaics_0_a7fd7f84b1834b1cc976.jpg", "media/images/Mosaics_0_f9616d83746340bc7f72.jpg", "media/images/Mosaics_0_b86535cd0d90d01808d0.jpg"], "captions": ["train_batch8.jpg", "train_batch1.jpg", "train_batch3.jpg", "train_batch5.jpg", "train_batch0.jpg", "train_batch6.jpg", "train_batch9.jpg", "train_batch4.jpg", "train_batch2.jpg", "train_batch7.jpg"]}, "train/box_loss": 0.018872667104005814, "train/obj_loss": 0.0034758683759719133, "train/cls_loss": 0.0026621599681675434, "metrics/precision": 0.9951087091574735, "metrics/recall": 0.9885079344683774, "metrics/mAP_0.5": 0.9960892081924484, "metrics/mAP_0.5:0.95": 0.8629422927131657, "val/box_loss": 0.02069200947880745, "val/obj_loss": 0.0371452234685421, "val/cls_loss": 0.0026799244806170464, "x/lr0": 0.00025551335241327577, "x/lr1": 0.00025551335241327577, "x/lr2": 0.00025551335241327577, "_timestamp": 1721758970.342536, "_runtime": 457737.3939499855, "_step": 93, "Bounding Box Debugger/Images": {"_type": "images/separated", "width": 672, "height": 416, "format": "png", "count": 16, "filenames": ["media/images/Bounding Box Debugger/Images_89_8aa56548f6bb7720cfc7.png", "media/images/Bounding Box Debugger/Images_89_88b2ee2f54b6313c96a0.png", "media/images/Bounding Box Debugger/Images_89_635e6175ad45ae070eed.png", "media/images/Bounding Box Debugger/Images_89_ab694e93bd35a992e9d8.png", "media/images/Bounding Box Debugger/Images_89_53134c37f92dbcaa769a.png", "media/images/Bounding Box Debugger/Images_89_913f02f20501be370cc5.png", "media/images/Bounding Box Debugger/Images_89_d4dde66776aeb94ace15.png", "media/images/Bounding Box Debugger/Images_89_c7147e55862d4f95b8f5.png", "media/images/Bounding Box Debugger/Images_89_93286593acb4354d03b8.png", "media/images/Bounding Box Debugger/Images_89_6801d8059dbb32ea26e1.png", "media/images/Bounding Box Debugger/Images_89_4b9e5abcaaee0f8f4252.png", "media/images/Bounding Box Debugger/Images_89_7f77cdee31954d0bb2ad.png", "media/images/Bounding Box Debugger/Images_89_38dec136dab80ac432e3.png", "media/images/Bounding Box Debugger/Images_89_44d08290990f0a0189b2.png", "media/images/Bounding Box Debugger/Images_89_a584cc60c3f520b3c94a.png", "media/images/Bounding Box Debugger/Images_89_b6ad47d5424225bb4114.png"], "captions": ["676f53dc-2d65-411b-9b49-8d71727afa0b.jpg", "8610699f-0bd8-412b-8e51-f09d9ab0d08a.jpg", "1185c91c-8b4b-44b2-b2ef-41714b0019ee.jpg", "760a158c-95dd-454b-b737-aaad3fb53b76.jpg", "8c0282fa-65fd-47fa-b94b-cfdbf2946d16.jpg", "b91d2fb9-3079-432d-9eb6-23b50f1e1e8a.jpg", "583e8ed6-f8c2-4152-a35e-ba21d4eded41.jpg", "70685370-27a1-4067-81ec-6ad1ce61c248.jpg", "1c6983d2-a604-4e08-8de1-e55f238fcd93.jpg", "b950a9ba-812a-4f75-86e7-283986442344.jpg", "1da28d20-52bb-4df3-a677-1d76cd8fe3e5.jpg", "ad384d5e-165d-41ee-810f-f3f23c4e2767.jpg", "3c9922bc-082e-481e-a473-f121e31fb38f.jpg", "0c6d49d7-6b8a-4780-990c-778575c013d0.jpg", "89b388b9-7f81-45a3-bdda-8e781e739daf.jpg", "7aeff42c-cdad-4ff3-bfc7-42442b221f1a.jpg"], "all_boxes": [{"predictions": {"_type": "boxes2D", "sha256": "029b74089292bc46c413aaca5096da99ea392b265721728350184973cf81bb65", "size": 842, "path": "media/metadata/boxes2D/Bounding Box Debugger/Images_89_029b74089292bc46c413.boxes2D.json"}}, {"predictions": {"_type": "boxes2D", "sha256": "5347476628a0075ad072c8947a61775a224d11f5240c80bc8b514d8a9c1f7b5b", "size": 476, "path": "media/metadata/boxes2D/Bounding Box Debugger/Images_89_5347476628a0075ad072.boxes2D.json"}}, {"predictions": {"_type": "boxes2D", "sha256": "17cc3150f74ad2995ea28abefe1230a39cc9b3ce4aa575a7292dbe68023a952d", "size": 479, "path": "media/metadata/boxes2D/Bounding Box Debugger/Images_89_17cc3150f74ad2995ea2.boxes2D.json"}}, {"predictions": {"_type": "boxes2D", "sha256": "ab7fccd576ceb13254c2cb85f2352ef3f7483478dd6df0b5022c0ec2aaee41e1", "size": 281, "path": "media/metadata/boxes2D/Bounding Box Debugger/Images_89_ab7fccd576ceb13254c2.boxes2D.json"}}, {"predictions": {"_type": "boxes2D", "sha256": "f7de78e3b3a32d4dc135410787040c3b3f1445f2ad795637958020e8c80ddb7d", "size": 652, "path": "media/metadata/boxes2D/Bounding Box Debugger/Images_89_f7de78e3b3a32d4dc135.boxes2D.json"}}, {"predictions": {"_type": "boxes2D", "sha256": "f42e271fdfed53e7453bef952ed6a696fca91ca864effd28c30f133d78bf2ab5", "size": 1224, "path": "media/metadata/boxes2D/Bounding Box Debugger/Images_89_f42e271fdfed53e7453b.boxes2D.json"}}, {"predictions": {"_type": "boxes2D", "sha256": "ef6e74e0ba5c3aa33d98f62b41121c59b01cbd87f811fbc818f90bb6c65f61fd", "size": 474, "path": "media/metadata/boxes2D/Bounding Box Debugger/Images_89_ef6e74e0ba5c3aa33d98.boxes2D.json"}}, {"predictions": {"_type": "boxes2D", "sha256": "5412573e6918b786c409193baa8af4d22d25f2d0229676a43c738357eb484861", "size": 854, "path": "media/metadata/boxes2D/Bounding Box Debugger/Images_89_5412573e6918b786c409.boxes2D.json"}}, {"predictions": {"_type": "boxes2D", "sha256": "145118238fbd2f0e12b5f295e3fa39382cb75992f8ec7dc26c75d4e65367069b", "size": 1420, "path": "media/metadata/boxes2D/Bounding Box Debugger/Images_89_145118238fbd2f0e12b5.boxes2D.json"}}, {"predictions": {"_type": "boxes2D", "sha256": "59734208981a8e071b6850377864b936c4effde233d3c727e27588600fcdec1d", "size": 474, "path": "media/metadata/boxes2D/Bounding Box Debugger/Images_89_59734208981a8e071b68.boxes2D.json"}}, {"predictions": {"_type": "boxes2D", "sha256": "4180d30f12a63bc1f3005c092e6cf3f9d310f8e504bcea39d8c89a9844d58413", "size": 1610, "path": "media/metadata/boxes2D/Bounding Box Debugger/Images_89_4180d30f12a63bc1f300.boxes2D.json"}}, {"predictions": {"_type": "boxes2D", "sha256": "29a50c9606061ecf07043f25977c70b37a6efe193790155494a6c28202ba5bb7", "size": 278, "path": "media/metadata/boxes2D/Bounding Box Debugger/Images_89_29a50c9606061ecf0704.boxes2D.json"}}, {"predictions": {"_type": "boxes2D", "sha256": "5d0785f98e83ba6b36ea30056626a171923138d7216bb2fadb047b91d74ec7c7", "size": 859, "path": "media/metadata/boxes2D/Bounding Box Debugger/Images_89_5d0785f98e83ba6b36ea.boxes2D.json"}}, {"predictions": {"_type": "boxes2D", "sha256": "9d38fdaead4d2d59eea51e263eaf8406697fb5334e9b9843df22b9cd651d9ad8", "size": 849, "path": "media/metadata/boxes2D/Bounding Box Debugger/Images_89_9d38fdaead4d2d59eea5.boxes2D.json"}}, {"predictions": {"_type": "boxes2D", "sha256": "80d8d31d14db6be48ca28f1bde912351318f58c69b8e4391ed3928fbeba24410", "size": 471, "path": "media/metadata/boxes2D/Bounding Box Debugger/Images_89_80d8d31d14db6be48ca2.boxes2D.json"}}, {"predictions": {"_type": "boxes2D", "sha256": "a4175c0bf4f9677f9f67004cfc51bd3cfbc9072607f0cef9cd4c2a1040025052", "size": 1225, "path": "media/metadata/boxes2D/Bounding Box Debugger/Images_89_a4175c0bf4f9677f9f67.boxes2D.json"}}]}}