{"Mosaics": {"_type": "images/separated", "width": 1280, "height": 1280, "format": "jpg", "count": 10, "filenames": ["media/images/Mosaics_0_4372b474e235390992c1.jpg", "media/images/Mosaics_0_7a3ce5fbe89cbab3a4a1.jpg", "media/images/Mosaics_0_661bf40f32ed32d90c1f.jpg", "media/images/Mosaics_0_e17d6325c21fc13a7c45.jpg", "media/images/Mosaics_0_683a5cc7945e42d8188c.jpg", "media/images/Mosaics_0_23ed1397792325e2db67.jpg", "media/images/Mosaics_0_ae50536a9f6eae136b40.jpg", "media/images/Mosaics_0_a7fd7f84b1834b1cc976.jpg", "media/images/Mosaics_0_f9616d83746340bc7f72.jpg", "media/images/Mosaics_0_b86535cd0d90d01808d0.jpg"], "captions": ["train_batch8.jpg", "train_batch1.jpg", "train_batch3.jpg", "train_batch5.jpg", "train_batch0.jpg", "train_batch6.jpg", "train_batch9.jpg", "train_batch4.jpg", "train_batch2.jpg", "train_batch7.jpg"]}, "train/box_loss": 0.01957322098314762, "train/obj_loss": 0.003552977228537202, "train/cls_loss": 0.003054142463952303, "metrics/precision": 0.9925491175251452, "metrics/recall": 0.9904162476694207, "metrics/mAP_0.5": 0.9960633508161001, "metrics/mAP_0.5:0.95": 0.86193899975466, "val/box_loss": 0.02123800665140152, "val/obj_loss": 0.0362715870141983, "val/cls_loss": 0.0025358092971146107, "x/lr0": 0.0005071146028642937, "x/lr1": 0.0005071146028642937, "x/lr2": 0.0005071146028642937, "_timestamp": 1721733751.5476117, "_runtime": 432518.5990257263, "_step": 88, "Bounding Box Debugger/Images": {"_type": "images/separated", "width": 672, "height": 416, "format": "png", "count": 16, "filenames": ["media/images/Bounding Box Debugger/Images_79_8aa56548f6bb7720cfc7.png", "media/images/Bounding Box Debugger/Images_79_88b2ee2f54b6313c96a0.png", "media/images/Bounding Box Debugger/Images_79_635e6175ad45ae070eed.png", "media/images/Bounding Box Debugger/Images_79_ab694e93bd35a992e9d8.png", "media/images/Bounding Box Debugger/Images_79_53134c37f92dbcaa769a.png", "media/images/Bounding Box Debugger/Images_79_913f02f20501be370cc5.png", "media/images/Bounding Box Debugger/Images_79_d4dde66776aeb94ace15.png", "media/images/Bounding Box Debugger/Images_79_c7147e55862d4f95b8f5.png", "media/images/Bounding Box Debugger/Images_79_93286593acb4354d03b8.png", "media/images/Bounding Box Debugger/Images_79_6801d8059dbb32ea26e1.png", "media/images/Bounding Box Debugger/Images_79_4b9e5abcaaee0f8f4252.png", "media/images/Bounding Box Debugger/Images_79_7f77cdee31954d0bb2ad.png", "media/images/Bounding Box Debugger/Images_79_38dec136dab80ac432e3.png", "media/images/Bounding Box Debugger/Images_79_44d08290990f0a0189b2.png", "media/images/Bounding Box Debugger/Images_79_a584cc60c3f520b3c94a.png", "media/images/Bounding Box Debugger/Images_79_b6ad47d5424225bb4114.png"], "captions": ["676f53dc-2d65-411b-9b49-8d71727afa0b.jpg", "8610699f-0bd8-412b-8e51-f09d9ab0d08a.jpg", "1185c91c-8b4b-44b2-b2ef-41714b0019ee.jpg", "760a158c-95dd-454b-b737-aaad3fb53b76.jpg", "8c0282fa-65fd-47fa-b94b-cfdbf2946d16.jpg", "b91d2fb9-3079-432d-9eb6-23b50f1e1e8a.jpg", "583e8ed6-f8c2-4152-a35e-ba21d4eded41.jpg", "70685370-27a1-4067-81ec-6ad1ce61c248.jpg", "1c6983d2-a604-4e08-8de1-e55f238fcd93.jpg", "b950a9ba-812a-4f75-86e7-283986442344.jpg", "1da28d20-52bb-4df3-a677-1d76cd8fe3e5.jpg", "ad384d5e-165d-41ee-810f-f3f23c4e2767.jpg", "3c9922bc-082e-481e-a473-f121e31fb38f.jpg", "0c6d49d7-6b8a-4780-990c-778575c013d0.jpg", "89b388b9-7f81-45a3-bdda-8e781e739daf.jpg", "7aeff42c-cdad-4ff3-bfc7-42442b221f1a.jpg"], "all_boxes": [{"predictions": {"_type": "boxes2D", "sha256": "94710d8ea8326656424525cb044f355683a23981a7d84ddcdce6da187a6245eb", "size": 655, "path": "media/metadata/boxes2D/Bounding Box Debugger/Images_79_94710d8ea83266564245.boxes2D.json"}}, {"predictions": {"_type": "boxes2D", "sha256": "18994c831d22cffe021479f5248da8b49e9b3bdcd2d368a6b486ec59fbc832fc", "size": 468, "path": "media/metadata/boxes2D/Bounding Box Debugger/Images_79_18994c831d22cffe0214.boxes2D.json"}}, {"predictions": {"_type": "boxes2D", "sha256": "90790f8c0d7d8867a2b0f58796bbc541983aa0185bb4977ae51a2ed01b492a5a", "size": 482, "path": "media/metadata/boxes2D/Bounding Box Debugger/Images_79_90790f8c0d7d8867a2b0.boxes2D.json"}}, {"predictions": {"_type": "boxes2D", "sha256": "d64a18cca873ce4f34bc2ccfda946e1f277c4c373dd315347b2820cd7a403cf3", "size": 664, "path": "media/metadata/boxes2D/Bounding Box Debugger/Images_79_d64a18cca873ce4f34bc.boxes2D.json"}}, {"predictions": {"_type": "boxes2D", "sha256": "e9fd513dc18017b16aa227719982c5667ce6ed220734e94a7f0900a8ce220cd7", "size": 470, "path": "media/metadata/boxes2D/Bounding Box Debugger/Images_79_e9fd513dc18017b16aa2.boxes2D.json"}}, {"predictions": {"_type": "boxes2D", "sha256": "aa5898b8e0a74ba2c6d013e4eac5da872de07119ab0150e5d20a96e6b3e00b57", "size": 1032, "path": "media/metadata/boxes2D/Bounding Box Debugger/Images_79_aa5898b8e0a74ba2c6d0.boxes2D.json"}}, {"predictions": {"_type": "boxes2D", "sha256": "9b39df01b0fe613b708b81a5a7c565ae75f3d9051c03582b13e615bea1853beb", "size": 667, "path": "media/metadata/boxes2D/Bounding Box Debugger/Images_79_9b39df01b0fe613b708b.boxes2D.json"}}, {"predictions": {"_type": "boxes2D", "sha256": "6953149e0615cd2618707abde2108c54ac23eb469aff44aa6d6d6f79f4740d77", "size": 661, "path": "media/metadata/boxes2D/Bounding Box Debugger/Images_79_6953149e0615cd261870.boxes2D.json"}}, {"predictions": {"_type": "boxes2D", "sha256": "c38f47f4be5289d8a27a7c66117e6d7613b19a7c76fa8cc311e0fae4bd1beedc", "size": 1232, "path": "media/metadata/boxes2D/Bounding Box Debugger/Images_79_c38f47f4be5289d8a27a.boxes2D.json"}}, {"predictions": {"_type": "boxes2D", "sha256": "13617eb75ddd00b54c43f7f4d13ae77c7c6046db16e0a3d8f823308ee9df0fc7", "size": 475, "path": "media/metadata/boxes2D/Bounding Box Debugger/Images_79_13617eb75ddd00b54c43.boxes2D.json"}}, {"predictions": {"_type": "boxes2D", "sha256": "b0bb865193a72f94bdd0d23097730080871e0dbafccd2ca4cabb1d1b8cce838d", "size": 1424, "path": "media/metadata/boxes2D/Bounding Box Debugger/Images_79_b0bb865193a72f94bdd0.boxes2D.json"}}, {"predictions": {"_type": "boxes2D", "sha256": "b75f32c879e742d6acfd3b6c316796fc07255d875e248abfbc8f7e9a78fd5fa3", "size": 282, "path": "media/metadata/boxes2D/Bounding Box Debugger/Images_79_b75f32c879e742d6acfd.boxes2D.json"}}, {"predictions": {"_type": "boxes2D", "sha256": "fe9a030afe87f2fe3344c88a31fc7c6ee3d19859fe273ac85e176162e38843dc", "size": 664, "path": "media/metadata/boxes2D/Bounding Box Debugger/Images_79_fe9a030afe87f2fe3344.boxes2D.json"}}, {"predictions": {"_type": "boxes2D", "sha256": "7962295a08dbbb3568e1d35ce84e2bab3b9c75dd51e64705b15215eaab1a597a", "size": 1045, "path": "media/metadata/boxes2D/Bounding Box Debugger/Images_79_7962295a08dbbb3568e1.boxes2D.json"}}, {"predictions": {"_type": "boxes2D", "sha256": "7bd256afdaf8871068b0b5498c02db28e05d78d455e0567b0f6428fe054e7438", "size": 284, "path": "media/metadata/boxes2D/Bounding Box Debugger/Images_79_7bd256afdaf8871068b0.boxes2D.json"}}, {"predictions": {"_type": "boxes2D", "sha256": "ae422df4c816d42ea5aaa4ec179cbbd3d916a70c3bbcea5db2e38f5da432be34", "size": 842, "path": "media/metadata/boxes2D/Bounding Box Debugger/Images_79_ae422df4c816d42ea5aa.boxes2D.json"}}]}}