{"Mosaics": {"_type": "images/separated", "width": 1280, "height": 1280, "format": "jpg", "count": 10, "filenames": ["media/images/Mosaics_0_4372b474e235390992c1.jpg", "media/images/Mosaics_0_7a3ce5fbe89cbab3a4a1.jpg", "media/images/Mosaics_0_661bf40f32ed32d90c1f.jpg", "media/images/Mosaics_0_e17d6325c21fc13a7c45.jpg", "media/images/Mosaics_0_683a5cc7945e42d8188c.jpg", "media/images/Mosaics_0_23ed1397792325e2db67.jpg", "media/images/Mosaics_0_ae50536a9f6eae136b40.jpg", "media/images/Mosaics_0_a7fd7f84b1834b1cc976.jpg", "media/images/Mosaics_0_f9616d83746340bc7f72.jpg", "media/images/Mosaics_0_b86535cd0d90d01808d0.jpg"], "captions": ["train_batch8.jpg", "train_batch1.jpg", "train_batch3.jpg", "train_batch5.jpg", "train_batch0.jpg", "train_batch6.jpg", "train_batch9.jpg", "train_batch4.jpg", "train_batch2.jpg", "train_batch7.jpg"]}, "train/box_loss": 0.018601486459374428, "train/obj_loss": 0.0034080108162015676, "train/cls_loss": 0.0025804981123656034, "metrics/precision": 0.9949199202526586, "metrics/recall": 0.989224646934273, "metrics/mAP_0.5": 0.9961329732555297, "metrics/mAP_0.5:0.95": 0.8635003254689563, "val/box_loss": 0.020521046593785286, "val/obj_loss": 0.038039710372686386, "val/cls_loss": 0.0028408863581717014, "x/lr0": 0.00010976769428005628, "x/lr1": 0.00010976769428005628, "x/lr2": 0.00010976769428005628, "_timestamp": 1721788290.8962336, "_runtime": 487057.94764757156, "_step": 100, "Bounding Box Debugger/Images": {"_type": "images/separated", "width": 672, "height": 416, "format": "png", "count": 16, "filenames": ["media/images/Bounding Box Debugger/Images_99_8aa56548f6bb7720cfc7.png", "media/images/Bounding Box Debugger/Images_99_88b2ee2f54b6313c96a0.png", "media/images/Bounding Box Debugger/Images_99_635e6175ad45ae070eed.png", "media/images/Bounding Box Debugger/Images_99_ab694e93bd35a992e9d8.png", "media/images/Bounding Box Debugger/Images_99_53134c37f92dbcaa769a.png", "media/images/Bounding Box Debugger/Images_99_913f02f20501be370cc5.png", "media/images/Bounding Box Debugger/Images_99_d4dde66776aeb94ace15.png", "media/images/Bounding Box Debugger/Images_99_c7147e55862d4f95b8f5.png", "media/images/Bounding Box Debugger/Images_99_93286593acb4354d03b8.png", "media/images/Bounding Box Debugger/Images_99_6801d8059dbb32ea26e1.png", "media/images/Bounding Box Debugger/Images_99_4b9e5abcaaee0f8f4252.png", "media/images/Bounding Box Debugger/Images_99_7f77cdee31954d0bb2ad.png", "media/images/Bounding Box Debugger/Images_99_38dec136dab80ac432e3.png", "media/images/Bounding Box Debugger/Images_99_44d08290990f0a0189b2.png", "media/images/Bounding Box Debugger/Images_99_a584cc60c3f520b3c94a.png", "media/images/Bounding Box Debugger/Images_99_b6ad47d5424225bb4114.png"], "captions": ["676f53dc-2d65-411b-9b49-8d71727afa0b.jpg", "8610699f-0bd8-412b-8e51-f09d9ab0d08a.jpg", "1185c91c-8b4b-44b2-b2ef-41714b0019ee.jpg", "760a158c-95dd-454b-b737-aaad3fb53b76.jpg", "8c0282fa-65fd-47fa-b94b-cfdbf2946d16.jpg", "b91d2fb9-3079-432d-9eb6-23b50f1e1e8a.jpg", "583e8ed6-f8c2-4152-a35e-ba21d4eded41.jpg", "70685370-27a1-4067-81ec-6ad1ce61c248.jpg", "1c6983d2-a604-4e08-8de1-e55f238fcd93.jpg", "b950a9ba-812a-4f75-86e7-283986442344.jpg", "1da28d20-52bb-4df3-a677-1d76cd8fe3e5.jpg", "ad384d5e-165d-41ee-810f-f3f23c4e2767.jpg", "3c9922bc-082e-481e-a473-f121e31fb38f.jpg", "0c6d49d7-6b8a-4780-990c-778575c013d0.jpg", "89b388b9-7f81-45a3-bdda-8e781e739daf.jpg", "7aeff42c-cdad-4ff3-bfc7-42442b221f1a.jpg"], "all_boxes": [{"predictions": {"_type": "boxes2D", "sha256": "0271f06cd6561c99f242a34c85395e00ac891e110e3eaaed1a7f870a3bb4edc2", "size": 651, "path": "media/metadata/boxes2D/Bounding Box Debugger/Images_99_0271f06cd6561c99f242.boxes2D.json"}}, {"predictions": {"_type": "boxes2D", "sha256": "577fbdc3cbd8e4b54007bbcf877a45141fa6937b994824030d2669bebb18321c", "size": 279, "path": "media/metadata/boxes2D/Bounding Box Debugger/Images_99_577fbdc3cbd8e4b54007.boxes2D.json"}}, {"predictions": {"_type": "boxes2D", "sha256": "26ce366bfdcee044e249be411fa5d1cc4fb9c4d5f23eb1b4603e9f115c4a638a", "size": 284, "path": "media/metadata/boxes2D/Bounding Box Debugger/Images_99_26ce366bfdcee044e249.boxes2D.json"}}, {"predictions": {"_type": "boxes2D", "sha256": "d2c036f16c208570f12e653b8edffd5de89faf3a7be6edd029dc62537fa2a384", "size": 276, "path": "media/metadata/boxes2D/Bounding Box Debugger/Images_99_d2c036f16c208570f12e.boxes2D.json"}}, {"predictions": {"_type": "boxes2D", "sha256": "15e89dc413435ae0221d0279a90c08dfbd9a527818256f77860492cf2d83cc82", "size": 662, "path": "media/metadata/boxes2D/Bounding Box Debugger/Images_99_15e89dc413435ae0221d.boxes2D.json"}}, {"predictions": {"_type": "boxes2D", "sha256": "30b4457ac155d36d6b0cf24a2721503730cb68dcfc4e171cc58e145ab97e36ad", "size": 843, "path": "media/metadata/boxes2D/Bounding Box Debugger/Images_99_30b4457ac155d36d6b0c.boxes2D.json"}}, {"predictions": {"_type": "boxes2D", "sha256": "6fe6375957bca0136a1e10538059c804243d996f6647eeff685363293024714e", "size": 282, "path": "media/metadata/boxes2D/Bounding Box Debugger/Images_99_6fe6375957bca0136a1e.boxes2D.json"}}, {"predictions": {"_type": "boxes2D", "sha256": "38dd38dccff237ada562db5017444c59cd342335967bdb3fcaaa2a03e508c880", "size": 281, "path": "media/metadata/boxes2D/Bounding Box Debugger/Images_99_38dd38dccff237ada562.boxes2D.json"}}, {"predictions": {"_type": "boxes2D", "sha256": "5e94e34bebc6ff1918747ebb386207210848090bb5107ca36977e70f2a466ef5", "size": 1418, "path": "media/metadata/boxes2D/Bounding Box Debugger/Images_99_5e94e34bebc6ff191874.boxes2D.json"}}, {"predictions": {"_type": "boxes2D", "sha256": "2bb5cbddc42e6a96bf46d03de7cf124d19f64f6ca28379552651e9a93ce6adba", "size": 280, "path": "media/metadata/boxes2D/Bounding Box Debugger/Images_99_2bb5cbddc42e6a96bf46.boxes2D.json"}}, {"predictions": {"_type": "boxes2D", "sha256": "c9941129ef920c9737e669869ba618623e250a12de3e3162bd8f622fa6aad7da", "size": 2177, "path": "media/metadata/boxes2D/Bounding Box Debugger/Images_99_c9941129ef920c9737e6.boxes2D.json"}}, {"predictions": {"_type": "boxes2D", "sha256": "0a32f7c6f2e343717c17a23b7919ee52a69858172f4f75a93a3789112a5b3fcf", "size": 280, "path": "media/metadata/boxes2D/Bounding Box Debugger/Images_99_0a32f7c6f2e343717c17.boxes2D.json"}}, {"predictions": {"_type": "boxes2D", "sha256": "e064aea339ac1ff01d7b5b76fee73f0e4fe8875d0f7ff0ad0fb48ed037be62ea", "size": 853, "path": "media/metadata/boxes2D/Bounding Box Debugger/Images_99_e064aea339ac1ff01d7b.boxes2D.json"}}, {"predictions": {"_type": "boxes2D", "sha256": "52c3bd63eff789b16d4e007cc8278714e9013601fa7b953b93a1c32c4d77dffc", "size": 655, "path": "media/metadata/boxes2D/Bounding Box Debugger/Images_99_52c3bd63eff789b16d4e.boxes2D.json"}}, {"predictions": {"_type": "boxes2D", "sha256": "3a0ffe6a166c65e0a872a266e05195c2122820b7542930403f514efb399e200d", "size": 284, "path": "media/metadata/boxes2D/Bounding Box Debugger/Images_99_3a0ffe6a166c65e0a872.boxes2D.json"}}, {"predictions": {"_type": "boxes2D", "sha256": "b7239b2c915e4da8d06ca7d9af83a0690ccd6596ea98df170e553d94c12d7415", "size": 1425, "path": "media/metadata/boxes2D/Bounding Box Debugger/Images_99_b7239b2c915e4da8d06c.boxes2D.json"}}]}, "Validation": {"_type": "images/separated", "width": 1280, "height": 794, "format": "jpg", "count": 6, "filenames": ["media/images/Validation_99_8347517b3e4470c7f9b7.jpg", "media/images/Validation_99_c938571e32542d33bd09.jpg", "media/images/Validation_99_b972d3389f322f30afed.jpg", "media/images/Validation_99_794b4a1ac3667d8ec715.jpg", "media/images/Validation_99_40828723a67b10ae98e3.jpg", "media/images/Validation_99_0a3bf28a0591573a776a.jpg"], "captions": ["test_batch0_labels.jpg", "test_batch0_pred.jpg", "test_batch1_labels.jpg", "test_batch1_pred.jpg", "test_batch2_labels.jpg", "test_batch2_pred.jpg"]}, "Results": {"_type": "images/separated", "width": 2400, "height": 1200, "format": "png", "count": 6,