{"Mosaics": {"_type": "images/separated", "width": 1280, "height": 1280, "format": "jpg", "count": 10, "filenames": ["media/images/Mosaics_0_4372b474e235390992c1.jpg", "media/images/Mosaics_0_7a3ce5fbe89cbab3a4a1.jpg", "media/images/Mosaics_0_661bf40f32ed32d90c1f.jpg", "media/images/Mosaics_0_e17d6325c21fc13a7c45.jpg", "media/images/Mosaics_0_683a5cc7945e42d8188c.jpg", "media/images/Mosaics_0_23ed1397792325e2db67.jpg", "media/images/Mosaics_0_ae50536a9f6eae136b40.jpg", "media/images/Mosaics_0_a7fd7f84b1834b1cc976.jpg", "media/images/Mosaics_0_f9616d83746340bc7f72.jpg", "media/images/Mosaics_0_b86535cd0d90d01808d0.jpg"], "captions": ["train_batch8.jpg", "train_batch1.jpg", "train_batch3.jpg", "train_batch5.jpg", "train_batch0.jpg", "train_batch6.jpg", "train_batch9.jpg", "train_batch4.jpg", "train_batch2.jpg", "train_batch7.jpg"]}, "train/box_loss": 0.026474999263882637, "train/obj_loss": 0.004668761044740677, "train/cls_loss": 0.006732386536896229, "metrics/precision": 0.9879732382115097, "metrics/recall": 0.9798517016919683, "metrics/mAP_0.5": 0.9915933749577484, "metrics/mAP_0.5:0.95": 0.8434304237719911, "val/box_loss": 0.03325171023607254, "val/obj_loss": 0.024178344756364822, "val/cls_loss": 0.0043992712162435055, "x/lr0": 0.00931067303366952, "x/lr1": 0.00931067303366952, "x/lr2": 0.00931067303366952, "_timestamp": 1721392044.995284, "_runtime": 90812.04669809341, "_step": 18, "Bounding Box Debugger/Images": {"_type": "images/separated", "width": 672, "height": 416, "format": "png", "count": 16, "filenames": ["media/images/Bounding Box Debugger/Images_9_8aa56548f6bb7720cfc7.png", "media/images/Bounding Box Debugger/Images_9_88b2ee2f54b6313c96a0.png", "media/images/Bounding Box Debugger/Images_9_635e6175ad45ae070eed.png", "media/images/Bounding Box Debugger/Images_9_ab694e93bd35a992e9d8.png", "media/images/Bounding Box Debugger/Images_9_53134c37f92dbcaa769a.png", "media/images/Bounding Box Debugger/Images_9_913f02f20501be370cc5.png", "media/images/Bounding Box Debugger/Images_9_d4dde66776aeb94ace15.png", "media/images/Bounding Box Debugger/Images_9_c7147e55862d4f95b8f5.png", "media/images/Bounding Box Debugger/Images_9_93286593acb4354d03b8.png", "media/images/Bounding Box Debugger/Images_9_6801d8059dbb32ea26e1.png", "media/images/Bounding Box Debugger/Images_9_4b9e5abcaaee0f8f4252.png", "media/images/Bounding Box Debugger/Images_9_7f77cdee31954d0bb2ad.png", "media/images/Bounding Box Debugger/Images_9_38dec136dab80ac432e3.png", "media/images/Bounding Box Debugger/Images_9_44d08290990f0a0189b2.png", "media/images/Bounding Box Debugger/Images_9_a584cc60c3f520b3c94a.png", "media/images/Bounding Box Debugger/Images_9_b6ad47d5424225bb4114.png"], "captions": ["676f53dc-2d65-411b-9b49-8d71727afa0b.jpg", "8610699f-0bd8-412b-8e51-f09d9ab0d08a.jpg", "1185c91c-8b4b-44b2-b2ef-41714b0019ee.jpg", "760a158c-95dd-454b-b737-aaad3fb53b76.jpg", "8c0282fa-65fd-47fa-b94b-cfdbf2946d16.jpg", "b91d2fb9-3079-432d-9eb6-23b50f1e1e8a.jpg", "583e8ed6-f8c2-4152-a35e-ba21d4eded41.jpg", "70685370-27a1-4067-81ec-6ad1ce61c248.jpg", "1c6983d2-a604-4e08-8de1-e55f238fcd93.jpg", "b950a9ba-812a-4f75-86e7-283986442344.jpg", "1da28d20-52bb-4df3-a677-1d76cd8fe3e5.jpg", "ad384d5e-165d-41ee-810f-f3f23c4e2767.jpg", "3c9922bc-082e-481e-a473-f121e31fb38f.jpg", "0c6d49d7-6b8a-4780-990c-778575c013d0.jpg", "89b388b9-7f81-45a3-bdda-8e781e739daf.jpg", "7aeff42c-cdad-4ff3-bfc7-42442b221f1a.jpg"], "all_boxes": [{"predictions": {"_type": "boxes2D", "sha256": "17e0c6b059cb66ef311f10d33d943bb213e72c7bd96e9fa784f45e05517159ee", "size": 1605, "path": "media/metadata/boxes2D/Bounding Box Debugger/Images_9_17e0c6b059cb66ef311f.boxes2D.json"}}, {"predictions": {"_type": "boxes2D", "sha256": "44a1966d264b41091c74084a63c109067aae086c719c12f2c29dd4762e5539f4", "size": 660, "path": "media/metadata/boxes2D/Bounding Box Debugger/Images_9_44a1966d264b41091c74.boxes2D.json"}}, {"predictions": {"_type": "boxes2D", "sha256": "8fb7832fd6dc1b5da32326eef12ca595eced15ffdeda75d69f3f75e47b88ecd6", "size": 860, "path": "media/metadata/boxes2D/Bounding Box Debugger/Images_9_8fb7832fd6dc1b5da323.boxes2D.json"}}, {"predictions": {"_type": "boxes2D", "sha256": "8d9e48557192064b63ff38c0e6451f66bd65e77bb15b63d426791e48fd8a1d8b", "size": 852, "path": "media/metadata/boxes2D/Bounding Box Debugger/Images_9_8d9e48557192064b63ff.boxes2D.json"}}, {"predictions": {"_type": "boxes2D", "sha256": "2169cf8ecdb8e30693185cb6af97a49828b238d69379dd982bea7aaf0ff47ebf", "size": 861, "path": "media/metadata/boxes2D/Bounding Box Debugger/Images_9_2169cf8ecdb8e3069318.boxes2D.json"}}, {"predictions": {"_type": "boxes2D", "sha256": "3d01483d0049362c62aa4d5f67dc0c02326b5c3c400ceb428cf86d9fcbcb9c00", "size": 2187, "path": "media/metadata/boxes2D/Bounding Box Debugger/Images_9_3d01483d0049362c62aa.boxes2D.json"}}, {"predictions": {"_type": "boxes2D", "sha256": "dfd1a2435d71016f83672e4fe42b0fcaf31cb4d0f26421ef4b186f8b05e6d69d", "size": 665, "path": "media/metadata/boxes2D/Bounding Box Debugger/Images_9_dfd1a2435d71016f8367.boxes2D.json"}}, {"predictions": {"_type": "boxes2D", "sha256": "0b1415f31eafcb6df7c88c62bebb969ef818e18d38b6345d79664a99433c88e9", "size": 854, "path": "media/metadata/boxes2D/Bounding Box Debugger/Images_9_0b1415f31eafcb6df7c8.boxes2D.json"}}, {"predictions": {"_type": "boxes2D", "sha256": "0e217cdddfe02bd4c0ef6ecd794aab3233aacff1057751c97644a8b843d8f29a", "size": 850, "path": "media/metadata/boxes2D/Bounding Box Debugger/Images_9_0e217cdddfe02bd4c0ef.boxes2D.json"}}, {"predictions": {"_type": "boxes2D", "sha256": "a6ceda02f3f7e4332b0a65af7a48dc58af84aa04eab04743fda9e2d557e90bf2", "size": 1246, "path": "media/metadata/boxes2D/Bounding Box Debugger/Images_9_a6ceda02f3f7e4332b0a.boxes2D.json"}}, {"predictions": {"_type": "boxes2D", "sha256": "8adbaebd366c5cd2a232db8042331a79c72311931d367fb57179bdfce30a6eb1", "size": 2960, "path": "media/metadata/boxes2D/Bounding Box Debugger/Images_9_8adbaebd366c5cd2a232.boxes2D.json"}}, {"predictions": {"_type": "boxes2D", "sha256": "89285eab65fc23f90beb75cd85dff4aed6cef5d6c22b846e2feb991086b3c34d", "size": 466, "path": "media/metadata/boxes2D/Bounding Box Debugger/Images_9_89285eab65fc23f90beb.boxes2D.json"}}, {"predictions": {"_type": "boxes2D", "sha256": "64c5df5e23f7b5058641b9f6a093c346a5c6053993c9c2b6d430772e6d27417f", "size": 2404, "path": "media/metadata/boxes2D/Bounding Box Debugger/Images_9_64c5df5e23f7b5058641.boxes2D.json"}}, {"predictions": {"_type": "boxes2D", "sha256": "50215568767ba487c8177b0085810c8cc892d7d1d5a9419dc142162ff19092c0", "size": 2210, "path": "media/metadata/boxes2D/Bounding Box Debugger/Images_9_50215568767ba487c817.boxes2D.json"}}, {"predictions": {"_type": "boxes2D", "sha256": "cadd4e2702eca3a693d77ec02f6ec3b8ed8e742537313e56218575aa484ed996", "size": 668, "path": "media/metadata/boxes2D/Bounding Box Debugger/Images_9_cadd4e2702eca3a693d7.boxes2D.json"}}, {"predictions": {"_type": "boxes2D", "sha256": "c6f20e159d34cdc3e955920ff612e3708b3ce9ccceb06825dcb16a7bed2e4aef", "size": 1611, "path": "media/metadata/boxes2D/Bounding Box Debugger/Images_9_c6f20e159d34cdc3e955.boxes2D.json"}}]}}