{"Mosaics": {"_type": "images/separated", "width": 1280, "height": 1280, "format": "jpg", "count": 10, "filenames": ["media/images/Mosaics_0_5bd0f2eba880396a840a.jpg", "media/images/Mosaics_0_fb805a725bd840e64951.jpg", "media/images/Mosaics_0_fc7c868abf2572fce021.jpg", "media/images/Mosaics_0_a60b8703be98f490d740.jpg", "media/images/Mosaics_0_2a56c2ae790e3a7e2df4.jpg", "media/images/Mosaics_0_38110df36a0df411d003.jpg", "media/images/Mosaics_0_63123c28c677adacc7ff.jpg", "media/images/Mosaics_0_3c2d088994676947c114.jpg", "media/images/Mosaics_0_94836fb9f84e182e7b20.jpg", "media/images/Mosaics_0_c244f8b685bf2065f0dd.jpg"], "captions": ["train_batch8.jpg", "train_batch1.jpg", "train_batch3.jpg", "train_batch5.jpg", "train_batch0.jpg", "train_batch6.jpg", "train_batch9.jpg", "train_batch4.jpg", "train_batch2.jpg", "train_batch7.jpg"]}, "train/box_loss": 0.018014797940850258, "train/obj_loss": 0.007780814077705145, "train/cls_loss": 0.0, "metrics/precision": 0.9362973155704972, "metrics/recall": 0.9833333333333333, "metrics/mAP_0.5": 0.9883525581020826, "metrics/mAP_0.5:0.95": 0.8937510476285644, "val/box_loss": 0.025245022028684616, "val/obj_loss": 0.003474366618320346, "val/cls_loss": 0.0, "x/lr0": 8.221600301576215e-05, "x/lr1": 8.221600301576215e-05, "x/lr2": 0.025182216003015775, "_timestamp": 1720051695.1981223, "_runtime": 20635.116661310196, "_step": 50, "Bounding Box Debugger/Images": {"_type": "images/separated", "width": 1056, "height": 800, "format": "png", "count": 16, "filenames": ["media/images/Bounding Box Debugger/Images_49_9db2601c91c77554fc93.png", "media/images/Bounding Box Debugger/Images_49_24aa5c04287e2ef7dd28.png", "media/images/Bounding Box Debugger/Images_49_dce7c0e59a772dfd6167.png", "media/images/Bounding Box Debugger/Images_49_690cbeeb944318aeb09d.png", "media/images/Bounding Box Debugger/Images_49_e14c90a994614f028a61.png", "media/images/Bounding Box Debugger/Images_49_c4e03cd0a01c124984ee.png", "media/images/Bounding Box Debugger/Images_49_9abb70f738978817a39b.png", "media/images/Bounding Box Debugger/Images_49_9f2b569a34c7966c07e3.png", "media/images/Bounding Box Debugger/Images_49_a2f0a41419d0510ad7f2.png", "media/images/Bounding Box Debugger/Images_49_939fd3712c4e20785de3.png", "media/images/Bounding Box Debugger/Images_49_5d24d85343f251447c06.png", "media/images/Bounding Box Debugger/Images_49_61bf77d7d36edbd58872.png", "media/images/Bounding Box Debugger/Images_49_3b66182b2e1f90a848ed.png", "media/images/Bounding Box Debugger/Images_49_92a64b3daf42fd95eefe.png", "media/images/Bounding Box Debugger/Images_49_8dad5865e368070ab251.png", "media/images/Bounding Box Debugger/Images_49_aaeec100436ed211b2af.png"], "captions": ["873adcd4ce.jpg", "d00943cbe3.jpg", "c4d83b1f27.jpg", "18877b9f24.jpg", "8564d4f918.jpg", "72c0a8eb64.jpg", "6fea177f1e.jpg", "cf2e77fd86.jpg", "b5c307517c.jpg", "edc63467b4.jpg", "IMG_20230722_131455.jpg", "IMG_20230722_131457.jpg", "IMG_20230722_131517.jpg", "IMG_20230722_131623.jpg", "IMG_20230722_124141.jpg", "IMG_20230722_131412.jpg"], "all_boxes": [{"predictions": {"_type": "boxes2D", "sha256": "b36c4d5480ccfbd283a15c59ed11526c05f48692abdb9d9959be4c2d855d2929", "size": 425, "path": "media/metadata/boxes2D/Bounding Box Debugger/Images_49_b36c4d5480ccfbd283a1.boxes2D.json"}}, {"predictions": {"_type": "boxes2D", "sha256": "eae81408833d563121730b1ab474452a5890d14afe3fb528e7ab3c1a9e3a5206", "size": 1004, "path": "media/metadata/boxes2D/Bounding Box Debugger/Images_49_eae81408833d56312173.boxes2D.json"}}, {"predictions": {"_type": "boxes2D", "sha256": "a83b74b7c5e0768adbcf7e17eaba7d44667f6783f0a06ba0809ed80939549871", "size": 807, "path": "media/metadata/boxes2D/Bounding Box Debugger/Images_49_a83b74b7c5e0768adbcf.boxes2D.json"}}, {"predictions": {"_type": "boxes2D", "sha256": "763ccd68441a2b95cbcc554a36775d722e8f7d591b6b54a7aef8d757a734b6ef", "size": 798, "path": "media/metadata/boxes2D/Bounding Box Debugger/Images_49_763ccd68441a2b95cbcc.boxes2D.json"}}, {"predictions": {"_type": "boxes2D", "sha256": "4b815b7e71c3f98adeabab58cb8989a6e38b9440b01cf17281f9a6c346e60d1f", "size": 233, "path": "media/metadata/boxes2D/Bounding Box Debugger/Images_49_4b815b7e71c3f98adeab.boxes2D.json"}}, {"predictions": {"_type": "boxes2D", "sha256": "b80b98e4530575b5c696af9f45901eba263303197b36e4abc4656cb841f3d6f1", "size": 4516, "path": "media/metadata/boxes2D/Bounding Box Debugger/Images_49_b80b98e4530575b5c696.boxes2D.json"}}, {"predictions": {"_type": "boxes2D", "sha256": "cdc3cd9f1fddff9ba38a6e5af65794dd9da09565d363cb932a3344fbc2ca9a9f", "size": 617, "path": "media/metadata/boxes2D/Bounding Box Debugger/Images_49_cdc3cd9f1fddff9ba38a.boxes2D.json"}}, {"predictions": {"_type": "boxes2D", "sha256": "f27572da078f6c5a2497e31420c0939bae6bbc44f5c60dfe3e426d9f9716245c", "size": 1765, "path": "media/metadata/boxes2D/Bounding Box Debugger/Images_49_f27572da078f6c5a2497.boxes2D.json"}}, {"predictions": {"_type": "boxes2D", "sha256": "61af728ab054432b90691057af71cbf11afaa9538b15ee6013755508a1d4f05a", "size": 421, "path": "media/metadata/boxes2D/Bounding Box Debugger/Images_49_61af728ab054432b9069.boxes2D.json"}}, {"predictions": {"_type": "boxes2D", "sha256": "36d7ebea5d31415f19765094bb37db998f9ccacf4bf948ff3f3aee95c2d3b6f3", "size": 1575, "path": "media/metadata/boxes2D/Bounding Box Debugger/Images_49_36d7ebea5d31415f1976.boxes2D.json"}}, {"predictions": {"_type": "boxes2D", "sha256": "4be654658c38d89ef255dbfad2bd30a3795a171d549064fdd19a06810da5c8b4", "size": 1203, "path": "media/metadata/boxes2D/Bounding Box Debugger/Images_49_4be654658c38d89ef255.boxes2D.json"}}, {"predictions": {"_type": "boxes2D", "sha256": "4b1ac2d3c5a0e91da7e8dae3b9a6c20901ceeef79b6b0c9d9b77f87a12540a2b", "size": 807, "path": "media/metadata/boxes2D/Bounding Box Debugger/Images_49_4b1ac2d3c5a0e91da7e8.boxes2D.json"}}, {"predictions": {"_type": "boxes2D", "sha256": "d50a96e166d0323b0272d8430a5974e55b6d3a4d5f02525807252ab0634d1f73", "size": 801, "path": "media/metadata/boxes2D/Bounding Box Debugger/Images_49_d50a96e166d0323b0272.boxes2D.json"}}, {"predictions": {"_type": "boxes2D", "sha256": "06972fbbc0cc2c6da6f6317b13ea7bbef3147d00fc298438231011c31cc2f785", "size": 1587, "path": "media/metadata/boxes2D/Bounding Box Debugger/Images_49_06972fbbc0cc2c6da6f6.boxes2D.json"}}, {"predictions": {"_type": "boxes2D", "sha256": "161ea57df4864899d0987275d7095deaa4a526db48643ca0bf22f702adc70a6c", "size": 426, "path": "media/metadata/boxes2D/Bounding Box Debugger/Images_49_161ea57df4864899d098.boxes2D.json"}}, {"predictions": {"_type": "boxes2D", "sha256": "d2242d9c163f40d07e9c33c937d596d7efa569ba8a11797c599273e0682311db", "size": 611, "path": "media/metadata/boxes2D/Bounding Box Debugger/Images_49_d2242d9c163f40d07e9c.boxes2D.json"}}]}, "Validation": {"_type": "images/separated", "width": 1280, "height": 970, "format": "jpg", "count": 4, "filenames": ["media/images/Validation_49_56f60ce8bf7d0d99809e.jpg", "media/images/Validation_49_fe9db6073d637270d190.jpg", "media/images/Validation_49_36546cfe00c6e891be9b.jpg", "media/images/Validation_49_36546cfe00c6e891be9b.jpg"], "captions": ["test_batch0_labels.jpg", "test_batch0_pred.jpg", "test_batch1_labels.jpg", "test_batch1_pred.jpg"]}, "Results": {"_type": "images/separated", "width": 2400, "height": 1200, "format": "png", "count": 6, "filenames": ["media/images/Results_50_f5e668f430235f649914.png", "media/images/Results_50_cfa0ac492cb001eba6bf.png", "media/images/Results_50_9b6da08644cf30d38c91.png", "media/images/Results_50_905f1486545798cb2f1c.png", "media/images/Results_50_ff95e10c8f8308aadd1e.png", "media/images/Results_50_7c90f4878e7f629f42ab.png"], "captions": ["results.png", "confusion_matrix.png", "F1_curve.png", "PR_curve.png", "P_curve.png", "R_curve.png"]}, "_wandb": {"runtime": 20634}}