{"train/box_loss": 0.020557599142193794, "train/obj_loss": 0.006356219295412302, "train/cls_loss": 0.0, "metrics/precision": 0.9305314432614062, "metrics/recall": 0.9, "metrics/mAP_0.5": 0.9582420171906914, "metrics/mAP_0.5:0.95": 0.7763325302073883, "val/box_loss": 0.026693090796470642, "val/obj_loss": 0.004422662314027548, "val/cls_loss": 0.0, "x/lr0": 0.0020257161130434066, "x/lr1": 0.0020257161130434066, "x/lr2": 0.0757257161130434, "_timestamp": 1719572216.9462519, "_runtime": 8343.77915096283, "_step": 33, "Mosaics": {"_type": "images/separated", "width": 1280, "height": 1280, "format": "jpg", "count": 10, "filenames": ["media/images/Mosaics_1_a02416e57ef39ac27763.jpg", "media/images/Mosaics_1_94ca520a569c5eecb329.jpg", "media/images/Mosaics_1_2bdc50d33f4f935999f9.jpg", "media/images/Mosaics_1_3e1578cf489bd823551f.jpg", "media/images/Mosaics_1_14ade1108a6fc6e673da.jpg", "media/images/Mosaics_1_82cac351a6824852d56e.jpg", "media/images/Mosaics_1_82a6849956f328ea923e.jpg", "media/images/Mosaics_1_36b580d9a19060745ce2.jpg", "media/images/Mosaics_1_63ac802aa2f45cd5afc3.jpg", "media/images/Mosaics_1_7c1f619c308eaaa28cea.jpg"], "captions": ["train_batch8.jpg", "train_batch1.jpg", "train_batch3.jpg", "train_batch5.jpg", "train_batch0.jpg", "train_batch6.jpg", "train_batch9.jpg", "train_batch4.jpg", "train_batch2.jpg", "train_batch7.jpg"]}, "Bounding Box Debugger/Images": {"_type": "images/separated", "width": 1056, "height": 864, "format": "png", "count": 16, "filenames": ["media/images/Bounding Box Debugger/Images_29_683a69d4a9be4ca031bc.png", "media/images/Bounding Box Debugger/Images_29_96bf5b868b5cb79c4eae.png", "media/images/Bounding Box Debugger/Images_29_015a4d613109eb857863.png", "media/images/Bounding Box Debugger/Images_29_89feb204f974ddab3bb5.png", "media/images/Bounding Box Debugger/Images_29_f66eb8cc00a495558256.png", "media/images/Bounding Box Debugger/Images_29_6f3fdd57ca612948547a.png", "media/images/Bounding Box Debugger/Images_29_d67832c9ddf25937d9de.png", "media/images/Bounding Box Debugger/Images_29_ceed4c6b9a778c455f09.png", "media/images/Bounding Box Debugger/Images_29_353582f676e2e51faabf.png", "media/images/Bounding Box Debugger/Images_29_62f890c501d8fa73a140.png", "media/images/Bounding Box Debugger/Images_29_b2eabe553426a8ce99f5.png", "media/images/Bounding Box Debugger/Images_29_46a1579242added5aa73.png", "media/images/Bounding Box Debugger/Images_29_0060e062586dd94781c8.png", "media/images/Bounding Box Debugger/Images_29_2ae21add6246b420a0dc.png", "media/images/Bounding Box Debugger/Images_29_6c913e1837ac9f3b042e.png", "media/images/Bounding Box Debugger/Images_29_984d1aca4e27b06c67b7.png"], "captions": ["IMG_20230722_130446-2.jpg", "IMG_20230722_132427.jpg", "IMG_20230722_130823.jpg", "IMG_20230722_130718.jpg", "IMG_20230722_131143.jpg", "IMG_20230722_140335.jpg", "IMG_20230721_165620.jpg", "IMG_20230722_132548-2.jpg", "IMG_20230722_131533.jpg", "IMG_20230722_131623.jpg", "IMG_20230722_131658.jpg", "IMG_20230722_131909.jpg", "IMG_20230722_132007.jpg", "IMG_20230722_132217.jpg", "IMG_20230722_132439.jpg", "IMG_20230722_131529.jpg"], "all_boxes": [{"predictions": {"_type": "boxes2D", "sha256": "8672172295c02fe0661817f813a7af45e8169bb811e7ab87bf11983958ceffdf", "size": 2398, "path": "media/metadata/boxes2D/Bounding Box Debugger/Images_29_8672172295c02fe06618.boxes2D.json"}}, {"predictions": {"_type": "boxes2D", "sha256": "2c024e44e7acb836f733b9ad8df3d8b15bb32d50d31a6148ac8d75645c64fc28", "size": 2986, "path": "media/metadata/boxes2D/Bounding Box Debugger/Images_29_2c024e44e7acb836f733.boxes2D.json"}}, {"predictions": {"_type": "boxes2D", "sha256": "d380f2c9a4a6551196ada1270c3816c0035f186f4872c25c32161bc365151e5f", "size": 2967, "path": "media/metadata/boxes2D/Bounding Box Debugger/Images_29_d380f2c9a4a6551196ad.boxes2D.json"}}, {"predictions": {"_type": "boxes2D", "sha256": "3b37354410452e42b52e45414321fb355d37acfc1ef44ea9906b35e7225ccd13", "size": 1619, "path": "media/metadata/boxes2D/Bounding Box Debugger/Images_29_3b37354410452e42b52e.boxes2D.json"}}, {"predictions": {"_type": "boxes2D", "sha256": "fb02f670a94405ac829c91894a4190f8cde451d79ac6beb209bece70142a57e3", "size": 2996, "path": "media/metadata/boxes2D/Bounding Box Debugger/Images_29_fb02f670a94405ac829c.boxes2D.json"}}, {"predictions": {"_type": "boxes2D", "sha256": "c4873b85ab4006f6b3910019371f272e64bdcce3da5f8282cfbcaad454dc81f1", "size": 649, "path": "media/metadata/boxes2D/Bounding Box Debugger/Images_29_c4873b85ab4006f6b391.boxes2D.json"}}, {"predictions": {"_type": "boxes2D", "sha256": "97b378d697302af657877578417c117b20a87ad9bbf5ed3083c04fb1730f5962", "size": 1200, "path": "media/metadata/boxes2D/Bounding Box Debugger/Images_29_97b378d697302af65787.boxes2D.json"}}, {"predictions": {"_type": "boxes2D", "sha256": "ed7a5704f20611ff5dcf8912df9aa4812a714bbcc4fcb1b0e2f77d5d4861717d", "size": 2799, "path": "media/metadata/boxes2D/Bounding Box Debugger/Images_29_ed7a5704f20611ff5dcf.boxes2D.json"}}, {"predictions": {"_type": "boxes2D", "sha256": "fa6b83c4be8a6d2a7a3f3db96a533b53ff661cb1d8028246d4ad18c0bde4b1d4", "size": 6486, "path": "media/metadata/boxes2D/Bounding Box Debugger/Images_29_fa6b83c4be8a6d2a7a3f.boxes2D.json"}}, {"predictions": {"_type": "boxes2D", "sha256": "a75543d113ec2b6610e0c86c53d1d6c6099a102f126e8a5a7dfc03864a76dc72", "size": 6660, "path": "media/metadata/boxes2D/Bounding Box Debugger/Images_29_a75543d113ec2b6610e0.boxes2D.json"}}, {"predictions": {"_type": "boxes2D", "sha256": "f14a428e50723b054f547ccdb8db2630aff2be17ceae0742948acfe81743bb2a", "size": 3759, "path": "media/metadata/boxes2D/Bounding Box Debugger/Images_29_f14a428e50723b054f54.boxes2D.json"}}, {"predictions": {"_type": "boxes2D", "sha256": "715a73b1d6eaddb04258e94130ddf65dd378812a72772f579725f46693c27dac", "size": 2364, "path": "media/metadata/boxes2D/Bounding Box Debugger/Images_29_715a73b1d6eaddb04258.boxes2D.json"}}, {"predictions": {"_type": "boxes2D", "sha256": "a722093f14b6346c60df7f967cb74fda9ce1567b02f613b9790881b069c9037a", "size": 3978, "path": "media/metadata/boxes2D/Bounding Box Debugger/Images_29_a722093f14b6346c60df.boxes2D.json"}}, {"predictions": {"_type": "boxes2D", "sha256": "d82cb28354ae654b169335559568eea4a517be93ed8858bc360021acabc2f6ad", "size": 1223, "path": "media/metadata/boxes2D/Bounding Box Debugger/Images_29_d82cb28354ae654b1693.boxes2D.json"}}, {"predictions": {"_type": "boxes2D", "sha256": "725ff158bb00f36d8342404f480086cb060bb25d67e4cef526a4013cb88df2f4", "size": 10581, "path": "media/metadata/boxes2D/Bounding Box Debugger/Images_29_725ff158bb00f36d8342.boxes2D.json"}}, {"predictions": {"_type": "boxes2D", "sha256": "aebcdd8a7c75ee8d29721c58cc26dc4d558e49131a6e6a5c99c979d24bf33236", "size": 5727, "path": "media/metadata/boxes2D/Bounding Box Debugger/Images_29_aebcdd8a7c75ee8d2972.boxes2D.json"}}]}, "Results": {"_type": "images/separated", "width": 2400, "height": 1200, "format": "png", "count": 1, "filenames": ["media/images/Results_33_35ae61fcb24adc3c7bbb.png"], "captions": ["results.png"]}, "_wandb": {"runtime": 8343}}