{"box_data": [{"position": {"minX": -0.36328125, "minY": -0.484375, "maxX": 7.74609375, "maxY": 36.4375}, "class_id": 0, "box_caption": "target 0.003", "scores": {"class_score": 0.00250244140625}, "domain": "pixel"}, {"position": {"minX": -0.3046875, "minY": -0.1640625, "maxX": 9.5234375, "maxY": 24.40625}, "class_id": 0, "box_caption": "target 0.002", "scores": {"class_score": 0.0015306472778320312}, "domain": "pixel"}, {"position": {"minX": 637.0, "minY": 554.0, "maxX": 653.0, "maxY": 778.0}, "class_id": 0, "box_caption": "target 0.001", "scores": {"class_score": 0.0013723373413085938}, "domain": "pixel"}], "class_labels": {"0": "target"}}